Attack;BCI attempt;BCIConfidence;BCIState;BCIThresholdBuffer;Email;Event;Framecount;Gamemode;GoblinName;InputNumber;Nr of Turns;Player Health;Player Mana;PlayerTurn;SessionID;Success BCI;Take Damage;Timestamp
NULL;NULL;NULL;NULL;NULL;anonymous;Scene Start;16740;Battery;NULL;NULL;NULL;NULL;NULL;NULL;3eceecb1-84e4-48dd-bb5e-6841f9e467ac;NULL;NULL;2023-12-12 10:01:15.0594
NULL;NULL;NULL;Connecting;NULL;anonymous;BCIStateUpdated;16740;NULL;NULL;NULL;NULL;NULL;NULL;NULL;3eceecb1-84e4-48dd-bb5e-6841f9e467ac;NULL;NULL;2023-12-12 10:01:15.0627
NULL;NULL;NULL;NULL;NULL;anonymous;Start Player Turn;16740;NULL;NULL;NULL;1;NULL;NULL;TRUE;3eceecb1-84e4-48dd-bb5e-6841f9e467ac;NULL;NULL;2023-12-12 10:01:15.0638
NULL;NULL;NULL;ReceivingHeader;NULL;anonymous;BCIStateUpdated;16768;NULL;NULL;NULL;NULL;NULL;NULL;NULL;3eceecb1-84e4-48dd-bb5e-6841f9e467ac;NULL;NULL;2023-12-12 10:01:17.6580
NULL;NULL;NULL;ReceivingData;NULL;anonymous;BCIStateUpdated;16779;NULL;NULL;NULL;NULL;NULL;NULL;NULL;3eceecb1-84e4-48dd-bb5e-6841f9e467ac;NULL;NULL;2023-12-12 10:01:17.8602
NULL;NULL;0.7813;ReceivingData;NULL;anonymous;MotorImagery;17147;NULL;NULL;1;NULL;NULL;NULL;NULL;3eceecb1-84e4-48dd-bb5e-6841f9e467ac;NULL;NULL;2023-12-12 10:01:24.6505
NULL;NULL;NULL;NULL;(0.673 0.683 0.684 0.704 0.753 0.781 0.672 0.666 );anonymous;NULL;17147;NULL;NULL;NULL;NULL;NULL;NULL;NULL;3eceecb1-84e4-48dd-bb5e-6841f9e467ac;NULL;NULL;2023-12-12 10:01:24.6505
NULL;NULL;0.6180;ReceivingData;NULL;anonymous;Rest;17197;NULL;NULL;1;NULL;NULL;NULL;NULL;3eceecb1-84e4-48dd-bb5e-6841f9e467ac;NULL;NULL;2023-12-12 10:01:25.5608
NULL;NULL;NULL;NULL;(0.663 0.618 0.769 0.733 0.718 0.714 0.704 0.695 );anonymous;NULL;17197;NULL;NULL;NULL;NULL;NULL;NULL;NULL;3eceecb1-84e4-48dd-bb5e-6841f9e467ac;NULL;NULL;2023-12-12 10:01:25.5608
NULL;NULL;0.7021;ReceivingData;NULL;anonymous;MotorImagery;17670;NULL;NULL;2;NULL;NULL;NULL;NULL;3eceecb1-84e4-48dd-bb5e-6841f9e467ac;NULL;NULL;2023-12-12 10:01:34.2665
NULL;NULL;NULL;NULL;(0.698 0.685 0.681 0.671 0.683 0.702 0.660 0.686 );anonymous;NULL;17670;NULL;NULL;NULL;NULL;NULL;NULL;NULL;3eceecb1-84e4-48dd-bb5e-6841f9e467ac;NULL;NULL;2023-12-12 10:01:34.2665
NULL;NULL;0.6109;ReceivingData;NULL;anonymous;Rest;17694;NULL;NULL;2;NULL;NULL;NULL;NULL;3eceecb1-84e4-48dd-bb5e-6841f9e467ac;NULL;NULL;2023-12-12 10:01:34.7057
NULL;NULL;NULL;NULL;(0.698 0.695 0.702 0.658 0.611 0.702 0.710 0.696 );anonymous;NULL;17694;NULL;NULL;NULL;NULL;NULL;NULL;NULL;3eceecb1-84e4-48dd-bb5e-6841f9e467ac;NULL;NULL;2023-12-12 10:01:34.7062
NULL;NULL;NULL;NULL;NULL;anonymous;Player Moving;17742;NULL;NULL;NULL;NULL;NULL;NULL;NULL;3eceecb1-84e4-48dd-bb5e-6841f9e467ac;NULL;NULL;2023-12-12 10:01:35.5871
NULL;NULL;0.6991;ReceivingData;NULL;anonymous;MotorImagery;17747;NULL;NULL;3;NULL;NULL;NULL;NULL;3eceecb1-84e4-48dd-bb5e-6841f9e467ac;NULL;NULL;2023-12-12 10:01:35.6293
NULL;NULL;NULL;NULL;(0.699 0.645 0.676 0.700 0.720 0.721 0.724 0.733 );anonymous;NULL;17747;NULL;NULL;NULL;NULL;NULL;NULL;NULL;3eceecb1-84e4-48dd-bb5e-6841f9e467ac;NULL;NULL;2023-12-12 10:01:35.6293
NULL;NULL;0.0023;ReceivingData;NULL;anonymous;Rest;17811;NULL;NULL;3;NULL;NULL;NULL;NULL;3eceecb1-84e4-48dd-bb5e-6841f9e467ac;NULL;NULL;2023-12-12 10:01:36.1205
NULL;NULL;NULL;NULL;(0.810 0.780 0.764 0.002 0.772 0.819 0.818 0.822 );anonymous;NULL;17811;NULL;NULL;NULL;NULL;NULL;NULL;NULL;3eceecb1-84e4-48dd-bb5e-6841f9e467ac;NULL;NULL;2023-12-12 10:01:36.1205
NULL;NULL;NULL;NULL;NULL;anonymous;End Player Turn;18181;NULL;NULL;NULL;1;NULL;NULL;FALSE;3eceecb1-84e4-48dd-bb5e-6841f9e467ac;NULL;NULL;2023-12-12 10:01:39.0123
NULL;NULL;NULL;NULL;NULL;anonymous;Start Goblin Turn;18181;NULL;NULL;NULL;1;NULL;NULL;FALSE;3eceecb1-84e4-48dd-bb5e-6841f9e467ac;NULL;NULL;2023-12-12 10:01:39.0123
NULL;NULL;0.7199;ReceivingData;NULL;anonymous;MotorImagery;18240;NULL;NULL;4;NULL;NULL;NULL;NULL;3eceecb1-84e4-48dd-bb5e-6841f9e467ac;NULL;NULL;2023-12-12 10:01:39.4879
NULL;NULL;NULL;NULL;(0.706 0.705 0.720 0.675 0.674 0.678 0.684 0.720 );anonymous;NULL;18240;NULL;NULL;NULL;NULL;NULL;NULL;NULL;3eceecb1-84e4-48dd-bb5e-6841f9e467ac;NULL;NULL;2023-12-12 10:01:39.4879
NULL;NULL;NULL;NULL;NULL;anonymous;Start Goblin Turn;18298;NULL;NULL;NULL;1;NULL;NULL;FALSE;3eceecb1-84e4-48dd-bb5e-6841f9e467ac;NULL;NULL;2023-12-12 10:01:39.9604
NULL;NULL;NULL;NULL;NULL;anonymous;Start Goblin Turn;18300;NULL;NULL;NULL;1;NULL;NULL;FALSE;3eceecb1-84e4-48dd-bb5e-6841f9e467ac;NULL;NULL;2023-12-12 10:01:39.9749
NULL;NULL;0.6200;ReceivingData;NULL;anonymous;Rest;18356;NULL;NULL;4;NULL;NULL;NULL;NULL;3eceecb1-84e4-48dd-bb5e-6841f9e467ac;NULL;NULL;2023-12-12 10:01:40.4346
NULL;NULL;NULL;NULL;(0.697 0.670 0.653 0.620 0.717 0.718 0.702 0.700 );anonymous;NULL;18356;NULL;NULL;NULL;NULL;NULL;NULL;NULL;3eceecb1-84e4-48dd-bb5e-6841f9e467ac;NULL;NULL;2023-12-12 10:01:40.4346
NULL;NULL;NULL;NULL;NULL;anonymous;Start Goblin Turn;18386;NULL;NULL;NULL;1;NULL;NULL;FALSE;3eceecb1-84e4-48dd-bb5e-6841f9e467ac;NULL;NULL;2023-12-12 10:01:40.6715
NULL;NULL;NULL;NULL;NULL;anonymous;Start Goblin Turn;18435;NULL;NULL;NULL;1;NULL;NULL;FALSE;3eceecb1-84e4-48dd-bb5e-6841f9e467ac;NULL;NULL;2023-12-12 10:01:41.0677
NULL;NULL;NULL;NULL;NULL;anonymous;Start Goblin Turn;18526;NULL;NULL;NULL;1;NULL;NULL;FALSE;3eceecb1-84e4-48dd-bb5e-6841f9e467ac;NULL;NULL;2023-12-12 10:01:41.8238
NULL;NULL;NULL;NULL;NULL;anonymous;End Goblin Turn;18542;NULL;NULL;NULL;NULL;NULL;NULL;NULL;3eceecb1-84e4-48dd-bb5e-6841f9e467ac;NULL;NULL;2023-12-12 10:01:41.9618
NULL;NULL;NULL;NULL;NULL;anonymous;Start Player Turn;18543;NULL;NULL;NULL;2;NULL;NULL;TRUE;3eceecb1-84e4-48dd-bb5e-6841f9e467ac;NULL;NULL;2023-12-12 10:01:41.9687
NULL;NULL;0.6987;ReceivingData;NULL;anonymous;MotorImagery;18643;NULL;NULL;5;NULL;NULL;NULL;NULL;3eceecb1-84e4-48dd-bb5e-6841f9e467ac;NULL;NULL;2023-12-12 10:01:43.8091
NULL;NULL;NULL;NULL;(0.699 0.696 0.699 0.673 0.648 0.656 0.671 0.698 );anonymous;NULL;18643;NULL;NULL;NULL;NULL;NULL;NULL;NULL;3eceecb1-84e4-48dd-bb5e-6841f9e467ac;NULL;NULL;2023-12-12 10:01:43.8091
NULL;NULL;0.6375;ReceivingData;NULL;anonymous;Rest;18647;NULL;NULL;5;NULL;NULL;NULL;NULL;3eceecb1-84e4-48dd-bb5e-6841f9e467ac;NULL;NULL;2023-12-12 10:01:43.8833
NULL;NULL;NULL;NULL;(0.699 0.696 0.699 0.712 0.672 0.648 0.637 0.698 );anonymous;NULL;18647;NULL;NULL;NULL;NULL;NULL;NULL;NULL;3eceecb1-84e4-48dd-bb5e-6841f9e467ac;NULL;NULL;2023-12-12 10:01:43.8833
NULL;NULL;0.6603;ReceivingData;NULL;anonymous;MotorImagery;18673;NULL;NULL;6;NULL;NULL;NULL;NULL;3eceecb1-84e4-48dd-bb5e-6841f9e467ac;NULL;NULL;2023-12-12 10:01:44.3621
NULL;NULL;NULL;NULL;(0.646 0.669 0.691 0.698 0.684 0.694 0.673 0.660 );anonymous;NULL;18673;NULL;NULL;NULL;NULL;NULL;NULL;NULL;3eceecb1-84e4-48dd-bb5e-6841f9e467ac;NULL;NULL;2023-12-12 10:01:44.3621
NULL;NULL;0.6280;ReceivingData;NULL;anonymous;Rest;18674;NULL;NULL;6;NULL;NULL;NULL;NULL;3eceecb1-84e4-48dd-bb5e-6841f9e467ac;NULL;NULL;2023-12-12 10:01:44.3802
NULL;NULL;NULL;NULL;(0.628 0.669 0.691 0.698 0.684 0.694 0.673 0.660 );anonymous;NULL;18674;NULL;NULL;NULL;NULL;NULL;NULL;NULL;3eceecb1-84e4-48dd-bb5e-6841f9e467ac;NULL;NULL;2023-12-12 10:01:44.3802
NULL;NULL;NULL;NULL;NULL;anonymous;Player Moving;18733;NULL;NULL;NULL;NULL;NULL;NULL;NULL;3eceecb1-84e4-48dd-bb5e-6841f9e467ac;NULL;NULL;2023-12-12 10:01:45.4856
NULL;NULL;NULL;NULL;NULL;anonymous;End Player Turn;19189;NULL;NULL;NULL;2;NULL;NULL;FALSE;3eceecb1-84e4-48dd-bb5e-6841f9e467ac;NULL;NULL;2023-12-12 10:01:49.0575
NULL;NULL;NULL;NULL;NULL;anonymous;Start Goblin Turn;19189;NULL;NULL;NULL;2;NULL;NULL;FALSE;3eceecb1-84e4-48dd-bb5e-6841f9e467ac;NULL;NULL;2023-12-12 10:01:49.0575
NULL;NULL;0.7092;ReceivingData;NULL;anonymous;MotorImagery;19189;NULL;NULL;7;NULL;NULL;NULL;NULL;3eceecb1-84e4-48dd-bb5e-6841f9e467ac;NULL;NULL;2023-12-12 10:01:49.0585
NULL;NULL;NULL;NULL;(0.700 0.698 0.687 0.709 0.657 0.667 0.675 0.690 );anonymous;NULL;19189;NULL;NULL;NULL;NULL;NULL;NULL;NULL;3eceecb1-84e4-48dd-bb5e-6841f9e467ac;NULL;NULL;2023-12-12 10:01:49.0585
NULL;NULL;NULL;NULL;NULL;anonymous;Player Hurt;19219;NULL;NULL;NULL;NULL;19.0000;0.0000;NULL;3eceecb1-84e4-48dd-bb5e-6841f9e467ac;NULL;1;2023-12-12 10:01:49.2908
NULL;NULL;NULL;NULL;NULL;anonymous;Start Goblin Turn;19222;NULL;NULL;NULL;2;NULL;NULL;FALSE;3eceecb1-84e4-48dd-bb5e-6841f9e467ac;NULL;NULL;2023-12-12 10:01:49.3155
NULL;NULL;NULL;NULL;NULL;anonymous;Start Goblin Turn;19224;NULL;NULL;NULL;2;NULL;NULL;FALSE;3eceecb1-84e4-48dd-bb5e-6841f9e467ac;NULL;NULL;2023-12-12 10:01:49.3310
NULL;NULL;0.5953;ReceivingData;NULL;anonymous;Rest;19252;NULL;NULL;7;NULL;NULL;NULL;NULL;3eceecb1-84e4-48dd-bb5e-6841f9e467ac;NULL;NULL;2023-12-12 10:01:49.5505
NULL;NULL;NULL;NULL;(0.671 0.595 0.687 0.709 0.709 0.708 0.691 0.687 );anonymous;NULL;19252;NULL;NULL;NULL;NULL;NULL;NULL;NULL;3eceecb1-84e4-48dd-bb5e-6841f9e467ac;NULL;NULL;2023-12-12 10:01:49.5505
NULL;NULL;NULL;NULL;NULL;anonymous;Start Goblin Turn;19312;NULL;NULL;NULL;2;NULL;NULL;FALSE;3eceecb1-84e4-48dd-bb5e-6841f9e467ac;NULL;NULL;2023-12-12 10:01:50.0231
NULL;NULL;NULL;NULL;NULL;anonymous;Start Goblin Turn;19331;NULL;NULL;NULL;2;NULL;NULL;FALSE;3eceecb1-84e4-48dd-bb5e-6841f9e467ac;NULL;NULL;2023-12-12 10:01:50.1783
NULL;NULL;NULL;NULL;NULL;anonymous;Start Goblin Turn;19404;NULL;NULL;NULL;2;NULL;NULL;FALSE;3eceecb1-84e4-48dd-bb5e-6841f9e467ac;NULL;NULL;2023-12-12 10:01:50.7528
NULL;NULL;0.7133;ReceivingData;NULL;anonymous;MotorImagery;19564;NULL;NULL;8;NULL;NULL;NULL;NULL;3eceecb1-84e4-48dd-bb5e-6841f9e467ac;NULL;NULL;2023-12-12 10:01:51.9672
NULL;NULL;NULL;NULL;(0.698 0.681 0.678 0.702 0.713 0.652 0.683 0.678 );anonymous;NULL;19564;NULL;NULL;NULL;NULL;NULL;NULL;NULL;3eceecb1-84e4-48dd-bb5e-6841f9e467ac;NULL;NULL;2023-12-12 10:01:51.9672
NULL;NULL;NULL;NULL;NULL;anonymous;End Goblin Turn;19573;NULL;NULL;NULL;NULL;NULL;NULL;NULL;3eceecb1-84e4-48dd-bb5e-6841f9e467ac;NULL;NULL;2023-12-12 10:01:52.0350
NULL;NULL;NULL;NULL;NULL;anonymous;Start Player Turn;19574;NULL;NULL;NULL;3;NULL;NULL;TRUE;3eceecb1-84e4-48dd-bb5e-6841f9e467ac;NULL;NULL;2023-12-12 10:01:52.0430
NULL;NULL;0.6310;ReceivingData;NULL;anonymous;Rest;19598;NULL;NULL;8;NULL;NULL;NULL;NULL;3eceecb1-84e4-48dd-bb5e-6841f9e467ac;NULL;NULL;2023-12-12 10:01:52.4725
NULL;NULL;NULL;NULL;(0.670 0.658 0.640 0.654 0.631 0.682 0.651 0.646 );anonymous;NULL;19598;NULL;NULL;NULL;NULL;NULL;NULL;NULL;3eceecb1-84e4-48dd-bb5e-6841f9e467ac;NULL;NULL;2023-12-12 10:01:52.4725
NULL;NULL;0.7748;ReceivingData;NULL;anonymous;MotorImagery;19710;NULL;NULL;9;NULL;NULL;NULL;NULL;3eceecb1-84e4-48dd-bb5e-6841f9e467ac;NULL;NULL;2023-12-12 10:01:54.4853
NULL;NULL;NULL;NULL;(0.773 0.775 0.645 0.689 0.712 0.736 0.756 0.774 );anonymous;NULL;19710;NULL;NULL;NULL;NULL;NULL;NULL;NULL;3eceecb1-84e4-48dd-bb5e-6841f9e467ac;NULL;NULL;2023-12-12 10:01:54.4853
NULL;NULL;0.6156;ReceivingData;NULL;anonymous;Rest;19760;NULL;NULL;9;NULL;NULL;NULL;NULL;3eceecb1-84e4-48dd-bb5e-6841f9e467ac;NULL;NULL;2023-12-12 10:01:55.3864
NULL;NULL;NULL;NULL;(0.779 0.766 0.746 0.731 0.706 0.616 0.824 0.816 );anonymous;NULL;19760;NULL;NULL;NULL;NULL;NULL;NULL;NULL;3eceecb1-84e4-48dd-bb5e-6841f9e467ac;NULL;NULL;2023-12-12 10:01:55.3874
NULL;NULL;0.7124;ReceivingData;NULL;anonymous;MotorImagery;21151;NULL;NULL;10;NULL;NULL;NULL;NULL;3eceecb1-84e4-48dd-bb5e-6841f9e467ac;NULL;NULL;2023-12-12 10:02:08.7931
NULL;NULL;NULL;NULL;(0.706 0.745 0.747 0.756 0.734 0.714 0.733 0.712 );anonymous;NULL;21151;NULL;NULL;NULL;NULL;NULL;NULL;NULL;3eceecb1-84e4-48dd-bb5e-6841f9e467ac;NULL;NULL;2023-12-12 10:02:08.7931
NULL;NULL;NULL;NULL;NULL;anonymous;RegenMana;21151;NULL;NULL;NULL;NULL;19.0000;0.0000;NULL;3eceecb1-84e4-48dd-bb5e-6841f9e467ac;NULL;1;2023-12-12 10:02:08.7941
NULL;1;NULL;NULL;NULL;anonymous;BciSuccess;21151;NULL;NULL;NULL;NULL;NULL;NULL;NULL;3eceecb1-84e4-48dd-bb5e-6841f9e467ac;TRUE;NULL;2023-12-12 10:02:08.7941
NULL;NULL;0.6128;ReceivingData;NULL;anonymous;Rest;21208;NULL;NULL;10;NULL;NULL;NULL;NULL;3eceecb1-84e4-48dd-bb5e-6841f9e467ac;NULL;NULL;2023-12-12 10:02:09.8586
NULL;NULL;NULL;NULL;(0.649 0.613 0.736 0.725 0.681 0.648 0.668 0.674 );anonymous;NULL;21208;NULL;NULL;NULL;NULL;NULL;NULL;NULL;3eceecb1-84e4-48dd-bb5e-6841f9e467ac;NULL;NULL;2023-12-12 10:02:09.8586
NULL;NULL;NULL;NULL;NULL;anonymous;Start Goblin Turn;21231;NULL;NULL;NULL;3;NULL;NULL;FALSE;3eceecb1-84e4-48dd-bb5e-6841f9e467ac;NULL;NULL;2023-12-12 10:02:10.2960
NULL;NULL;NULL;NULL;NULL;anonymous;Player Hurt;21232;NULL;NULL;NULL;NULL;18.0000;1.0000;NULL;3eceecb1-84e4-48dd-bb5e-6841f9e467ac;NULL;2;2023-12-12 10:02:10.3134
NULL;NULL;NULL;NULL;NULL;anonymous;Start Goblin Turn;21233;NULL;NULL;NULL;3;NULL;NULL;FALSE;3eceecb1-84e4-48dd-bb5e-6841f9e467ac;NULL;NULL;2023-12-12 10:02:10.3205
NULL;NULL;NULL;NULL;NULL;anonymous;Start Goblin Turn;21235;NULL;NULL;NULL;3;NULL;NULL;FALSE;3eceecb1-84e4-48dd-bb5e-6841f9e467ac;NULL;NULL;2023-12-12 10:02:10.3368
NULL;NULL;NULL;NULL;NULL;anonymous;Start Goblin Turn;21288;NULL;NULL;NULL;3;NULL;NULL;FALSE;3eceecb1-84e4-48dd-bb5e-6841f9e467ac;NULL;NULL;2023-12-12 10:02:10.7614
NULL;NULL;NULL;NULL;NULL;anonymous;Start Goblin Turn;21411;NULL;NULL;NULL;3;NULL;NULL;FALSE;3eceecb1-84e4-48dd-bb5e-6841f9e467ac;NULL;NULL;2023-12-12 10:02:11.7232
NULL;NULL;NULL;NULL;NULL;anonymous;Player Hurt;21478;NULL;NULL;NULL;NULL;17.0000;1.0000;NULL;3eceecb1-84e4-48dd-bb5e-6841f9e467ac;NULL;3;2023-12-12 10:02:12.2540
NULL;NULL;NULL;NULL;NULL;anonymous;Start Goblin Turn;21482;NULL;NULL;NULL;3;NULL;NULL;FALSE;3eceecb1-84e4-48dd-bb5e-6841f9e467ac;NULL;NULL;2023-12-12 10:02:12.2837
NULL;NULL;NULL;NULL;NULL;anonymous;End Goblin Turn;21550;NULL;NULL;NULL;NULL;NULL;NULL;NULL;3eceecb1-84e4-48dd-bb5e-6841f9e467ac;NULL;NULL;2023-12-12 10:02:12.8282
NULL;NULL;NULL;NULL;NULL;anonymous;Start Player Turn;21551;NULL;NULL;NULL;4;NULL;NULL;TRUE;3eceecb1-84e4-48dd-bb5e-6841f9e467ac;NULL;NULL;2023-12-12 10:02:12.8484
NULL;NULL;0.6849;ReceivingData;NULL;anonymous;MotorImagery;21566;NULL;NULL;11;NULL;NULL;NULL;NULL;3eceecb1-84e4-48dd-bb5e-6841f9e467ac;NULL;NULL;2023-12-12 10:02:13.1231
NULL;NULL;NULL;NULL;(0.691 0.703 0.717 0.698 0.685 0.664 0.698 0.697 );anonymous;NULL;21566;NULL;NULL;NULL;NULL;NULL;NULL;NULL;3eceecb1-84e4-48dd-bb5e-6841f9e467ac;NULL;NULL;2023-12-12 10:02:13.1231
NULL;NULL;0.6388;ReceivingData;NULL;anonymous;Rest;21619;NULL;NULL;11;NULL;NULL;NULL;NULL;3eceecb1-84e4-48dd-bb5e-6841f9e467ac;NULL;NULL;2023-12-12 10:02:14.1231
NULL;NULL;NULL;NULL;(0.661 0.669 0.671 0.673 0.703 0.691 0.690 0.639 );anonymous;NULL;21619;NULL;NULL;NULL;NULL;NULL;NULL;NULL;3eceecb1-84e4-48dd-bb5e-6841f9e467ac;NULL;NULL;2023-12-12 10:02:14.1231
1;NULL;NULL;NULL;NULL;anonymous;Player Attacking;21740;NULL;NULL;NULL;NULL;NULL;NULL;NULL;3eceecb1-84e4-48dd-bb5e-6841f9e467ac;NULL;NULL;2023-12-12 10:02:16.4192
NULL;NULL;NULL;NULL;NULL;anonymous;Goblin Death;21784;NULL;Goblin 2 Variant;NULL;NULL;NULL;NULL;NULL;3eceecb1-84e4-48dd-bb5e-6841f9e467ac;NULL;NULL;2023-12-12 10:02:17.2200
NULL;NULL;NULL;NULL;NULL;anonymous;Start Goblin Turn;21841;NULL;NULL;NULL;4;NULL;NULL;FALSE;3eceecb1-84e4-48dd-bb5e-6841f9e467ac;NULL;NULL;2023-12-12 10:02:18.2406
NULL;NULL;NULL;NULL;NULL;anonymous;Start Goblin Turn;21843;NULL;NULL;NULL;4;NULL;NULL;FALSE;3eceecb1-84e4-48dd-bb5e-6841f9e467ac;NULL;NULL;2023-12-12 10:02:18.2548
NULL;NULL;NULL;NULL;NULL;anonymous;Start Goblin Turn;21916;NULL;NULL;NULL;4;NULL;NULL;FALSE;3eceecb1-84e4-48dd-bb5e-6841f9e467ac;NULL;NULL;2023-12-12 10:02:18.8313
NULL;NULL;0.7725;ReceivingData;NULL;anonymous;MotorImagery;21919;NULL;NULL;12;NULL;NULL;NULL;NULL;3eceecb1-84e4-48dd-bb5e-6841f9e467ac;NULL;NULL;2023-12-12 10:02:18.8627
NULL;NULL;NULL;NULL;(0.681 0.680 0.713 0.730 0.719 0.722 0.746 0.773 );anonymous;NULL;21919;NULL;NULL;NULL;NULL;NULL;NULL;NULL;3eceecb1-84e4-48dd-bb5e-6841f9e467ac;NULL;NULL;2023-12-12 10:02:18.8627
NULL;NULL;NULL;NULL;NULL;anonymous;Start Goblin Turn;21972;NULL;NULL;NULL;4;NULL;NULL;FALSE;3eceecb1-84e4-48dd-bb5e-6841f9e467ac;NULL;NULL;2023-12-12 10:02:19.2625
NULL;NULL;NULL;NULL;NULL;anonymous;Player Hurt;21973;NULL;NULL;NULL;NULL;16.0000;0.0000;NULL;3eceecb1-84e4-48dd-bb5e-6841f9e467ac;NULL;4;2023-12-12 10:02:19.2820
NULL;NULL;NULL;NULL;NULL;anonymous;Start Goblin Turn;21974;NULL;NULL;NULL;4;NULL;NULL;FALSE;3eceecb1-84e4-48dd-bb5e-6841f9e467ac;NULL;NULL;2023-12-12 10:02:19.2886
NULL;NULL;NULL;NULL;NULL;anonymous;End Goblin Turn;22135;NULL;NULL;NULL;NULL;NULL;NULL;NULL;3eceecb1-84e4-48dd-bb5e-6841f9e467ac;NULL;NULL;2023-12-12 10:02:20.5603
NULL;NULL;NULL;NULL;NULL;anonymous;Start Player Turn;22136;NULL;NULL;NULL;5;NULL;NULL;TRUE;3eceecb1-84e4-48dd-bb5e-6841f9e467ac;NULL;NULL;2023-12-12 10:02:20.5819
NULL;NULL;0.5426;ReceivingData;NULL;anonymous;Rest;22151;NULL;NULL;12;NULL;NULL;NULL;NULL;3eceecb1-84e4-48dd-bb5e-6841f9e467ac;NULL;NULL;2023-12-12 10:02:20.8560
NULL;NULL;NULL;NULL;(0.695 0.543 0.653 0.662 0.668 0.665 0.669 0.693 );anonymous;NULL;22151;NULL;NULL;NULL;NULL;NULL;NULL;NULL;3eceecb1-84e4-48dd-bb5e-6841f9e467ac;NULL;NULL;2023-12-12 10:02:20.8560
NULL;NULL;NULL;NULL;NULL;anonymous;Player Moving;22248;NULL;NULL;NULL;NULL;NULL;NULL;NULL;3eceecb1-84e4-48dd-bb5e-6841f9e467ac;NULL;NULL;2023-12-12 10:02:22.6289
NULL;NULL;NULL;NULL;NULL;anonymous;End Player Turn;22666;NULL;NULL;NULL;5;NULL;NULL;FALSE;3eceecb1-84e4-48dd-bb5e-6841f9e467ac;NULL;NULL;2023-12-12 10:02:25.9015
NULL;NULL;NULL;NULL;NULL;anonymous;Start Goblin Turn;22667;NULL;NULL;NULL;5;NULL;NULL;FALSE;3eceecb1-84e4-48dd-bb5e-6841f9e467ac;NULL;NULL;2023-12-12 10:02:25.9096
NULL;NULL;NULL;NULL;NULL;anonymous;Start Goblin Turn;22669;NULL;NULL;NULL;5;NULL;NULL;FALSE;3eceecb1-84e4-48dd-bb5e-6841f9e467ac;NULL;NULL;2023-12-12 10:02:25.9248
NULL;NULL;0.6670;ReceivingData;NULL;anonymous;MotorImagery;22805;NULL;NULL;13;NULL;NULL;NULL;NULL;3eceecb1-84e4-48dd-bb5e-6841f9e467ac;NULL;NULL;2023-12-12 10:02:27.0252
NULL;NULL;NULL;NULL;(0.751 0.775 0.786 0.667 0.643 0.713 0.727 0.724 );anonymous;NULL;22805;NULL;NULL;NULL;NULL;NULL;NULL;NULL;3eceecb1-84e4-48dd-bb5e-6841f9e467ac;NULL;NULL;2023-12-12 10:02:27.0252
NULL;NULL;NULL;NULL;NULL;anonymous;Start Goblin Turn;22811;NULL;NULL;NULL;5;NULL;NULL;FALSE;3eceecb1-84e4-48dd-bb5e-6841f9e467ac;NULL;NULL;2023-12-12 10:02:27.0746
NULL;NULL;0.6250;ReceivingData;NULL;anonymous;Rest;22863;NULL;NULL;13;NULL;NULL;NULL;NULL;3eceecb1-84e4-48dd-bb5e-6841f9e467ac;NULL;NULL;2023-12-12 10:02:27.4983
NULL;NULL;NULL;NULL;(0.676 0.681 0.673 0.675 0.670 0.625 0.658 0.654 );anonymous;NULL;22863;NULL;NULL;NULL;NULL;NULL;NULL;NULL;3eceecb1-84e4-48dd-bb5e-6841f9e467ac;NULL;NULL;2023-12-12 10:02:27.4983
NULL;NULL;NULL;NULL;NULL;anonymous;Start Goblin Turn;22897;NULL;NULL;NULL;5;NULL;NULL;FALSE;3eceecb1-84e4-48dd-bb5e-6841f9e467ac;NULL;NULL;2023-12-12 10:02:27.7682
NULL;NULL;NULL;NULL;NULL;anonymous;Start Goblin Turn;22914;NULL;NULL;NULL;5;NULL;NULL;FALSE;3eceecb1-84e4-48dd-bb5e-6841f9e467ac;NULL;NULL;2023-12-12 10:02:27.9121
NULL;NULL;NULL;NULL;NULL;anonymous;End Goblin Turn;22963;NULL;NULL;NULL;NULL;NULL;NULL;NULL;3eceecb1-84e4-48dd-bb5e-6841f9e467ac;NULL;NULL;2023-12-12 10:02:28.3193
NULL;NULL;NULL;NULL;NULL;anonymous;Start Player Turn;22964;NULL;NULL;NULL;6;NULL;NULL;TRUE;3eceecb1-84e4-48dd-bb5e-6841f9e467ac;NULL;NULL;2023-12-12 10:02:28.3270
NULL;NULL;NULL;NULL;NULL;anonymous;Player Moving;23029;NULL;NULL;NULL;NULL;NULL;NULL;NULL;3eceecb1-84e4-48dd-bb5e-6841f9e467ac;NULL;NULL;2023-12-12 10:02:29.5482
NULL;NULL;0.7063;ReceivingData;NULL;anonymous;MotorImagery;23071;NULL;NULL;14;NULL;NULL;NULL;NULL;3eceecb1-84e4-48dd-bb5e-6841f9e467ac;NULL;NULL;2023-12-12 10:02:29.8879
NULL;NULL;NULL;NULL;(0.706 0.740 0.731 0.706 0.674 0.692 0.693 0.696 );anonymous;NULL;23071;NULL;NULL;NULL;NULL;NULL;NULL;NULL;3eceecb1-84e4-48dd-bb5e-6841f9e467ac;NULL;NULL;2023-12-12 10:02:29.8879
NULL;NULL;0.0015;ReceivingData;NULL;anonymous;Rest;23076;NULL;NULL;14;NULL;NULL;NULL;NULL;3eceecb1-84e4-48dd-bb5e-6841f9e467ac;NULL;NULL;2023-12-12 10:02:29.9291
NULL;NULL;NULL;NULL;(0.002 0.740 0.731 0.706 0.678 0.669 0.709 0.735 );anonymous;NULL;23076;NULL;NULL;NULL;NULL;NULL;NULL;NULL;3eceecb1-84e4-48dd-bb5e-6841f9e467ac;NULL;NULL;2023-12-12 10:02:29.9291
NULL;NULL;NULL;NULL;NULL;anonymous;End Player Turn;23403;NULL;NULL;NULL;6;NULL;NULL;FALSE;3eceecb1-84e4-48dd-bb5e-6841f9e467ac;NULL;NULL;2023-12-12 10:02:32.5428
NULL;NULL;NULL;NULL;NULL;anonymous;Start Goblin Turn;23404;NULL;NULL;NULL;6;NULL;NULL;FALSE;3eceecb1-84e4-48dd-bb5e-6841f9e467ac;NULL;NULL;2023-12-12 10:02:32.5490
NULL;NULL;NULL;NULL;NULL;anonymous;Start Goblin Turn;23406;NULL;NULL;NULL;6;NULL;NULL;FALSE;3eceecb1-84e4-48dd-bb5e-6841f9e467ac;NULL;NULL;2023-12-12 10:02:32.5656
NULL;NULL;NULL;NULL;NULL;anonymous;Start Goblin Turn;23491;NULL;NULL;NULL;6;NULL;NULL;FALSE;3eceecb1-84e4-48dd-bb5e-6841f9e467ac;NULL;NULL;2023-12-12 10:02:33.2664
NULL;NULL;NULL;NULL;NULL;anonymous;Start Goblin Turn;23576;NULL;NULL;NULL;6;NULL;NULL;FALSE;3eceecb1-84e4-48dd-bb5e-6841f9e467ac;NULL;NULL;2023-12-12 10:02:33.9757
NULL;NULL;NULL;NULL;NULL;anonymous;Start Goblin Turn;23609;NULL;NULL;NULL;6;NULL;NULL;FALSE;3eceecb1-84e4-48dd-bb5e-6841f9e467ac;NULL;NULL;2023-12-12 10:02:34.2655
NULL;NULL;NULL;NULL;NULL;anonymous;End Goblin Turn;23626;NULL;NULL;NULL;NULL;NULL;NULL;NULL;3eceecb1-84e4-48dd-bb5e-6841f9e467ac;NULL;NULL;2023-12-12 10:02:34.4105
NULL;NULL;NULL;NULL;NULL;anonymous;Start Player Turn;23627;NULL;NULL;NULL;7;NULL;NULL;TRUE;3eceecb1-84e4-48dd-bb5e-6841f9e467ac;NULL;NULL;2023-12-12 10:02:34.4213
NULL;NULL;0.7360;ReceivingData;NULL;anonymous;MotorImagery;23803;NULL;NULL;15;NULL;NULL;NULL;NULL;3eceecb1-84e4-48dd-bb5e-6841f9e467ac;NULL;NULL;2023-12-12 10:02:37.7075
NULL;NULL;NULL;NULL;(0.712 0.736 0.646 0.693 0.710 0.716 0.725 0.683 );anonymous;NULL;23803;NULL;NULL;NULL;NULL;NULL;NULL;NULL;3eceecb1-84e4-48dd-bb5e-6841f9e467ac;NULL;NULL;2023-12-12 10:02:37.7075
NULL;NULL;NULL;NULL;NULL;anonymous;Player Moving;23864;NULL;NULL;NULL;NULL;NULL;NULL;NULL;3eceecb1-84e4-48dd-bb5e-6841f9e467ac;NULL;NULL;2023-12-12 10:02:38.8725
NULL;NULL;0.6300;ReceivingData;NULL;anonymous;Rest;23883;NULL;NULL;15;NULL;NULL;NULL;NULL;3eceecb1-84e4-48dd-bb5e-6841f9e467ac;NULL;NULL;2023-12-12 10:02:39.0327
NULL;NULL;NULL;NULL;(0.759 0.754 0.733 0.684 0.658 0.630 0.765 0.745 );anonymous;NULL;23883;NULL;NULL;NULL;NULL;NULL;NULL;NULL;3eceecb1-84e4-48dd-bb5e-6841f9e467ac;NULL;NULL;2023-12-12 10:02:39.0327
NULL;NULL;NULL;NULL;NULL;anonymous;End Player Turn;24354;NULL;NULL;NULL;7;NULL;NULL;FALSE;3eceecb1-84e4-48dd-bb5e-6841f9e467ac;NULL;NULL;2023-12-12 10:02:42.9103
NULL;NULL;NULL;NULL;NULL;anonymous;Start Goblin Turn;24355;NULL;NULL;NULL;7;NULL;NULL;FALSE;3eceecb1-84e4-48dd-bb5e-6841f9e467ac;NULL;NULL;2023-12-12 10:02:42.9177
NULL;NULL;NULL;NULL;NULL;anonymous;Start Goblin Turn;24357;NULL;NULL;NULL;7;NULL;NULL;FALSE;3eceecb1-84e4-48dd-bb5e-6841f9e467ac;NULL;NULL;2023-12-12 10:02:42.9356
NULL;NULL;NULL;NULL;NULL;anonymous;Start Goblin Turn;24411;NULL;NULL;NULL;7;NULL;NULL;FALSE;3eceecb1-84e4-48dd-bb5e-6841f9e467ac;NULL;NULL;2023-12-12 10:02:43.3738
NULL;NULL;0.7363;ReceivingData;NULL;anonymous;MotorImagery;24466;NULL;NULL;16;NULL;NULL;NULL;NULL;3eceecb1-84e4-48dd-bb5e-6841f9e467ac;NULL;NULL;2023-12-12 10:02:43.8139
NULL;NULL;NULL;NULL;(0.744 0.751 0.739 0.729 0.736 0.713 0.727 0.705 );anonymous;NULL;24466;NULL;NULL;NULL;NULL;NULL;NULL;NULL;3eceecb1-84e4-48dd-bb5e-6841f9e467ac;NULL;NULL;2023-12-12 10:02:43.8139
NULL;NULL;NULL;NULL;NULL;anonymous;Start Goblin Turn;24572;NULL;NULL;NULL;7;NULL;NULL;FALSE;3eceecb1-84e4-48dd-bb5e-6841f9e467ac;NULL;NULL;2023-12-12 10:02:44.6703
NULL;NULL;0.6267;ReceivingData;NULL;anonymous;Rest;24586;NULL;NULL;16;NULL;NULL;NULL;NULL;3eceecb1-84e4-48dd-bb5e-6841f9e467ac;NULL;NULL;2023-12-12 10:02:44.7902
NULL;NULL;NULL;NULL;(0.713 0.666 0.661 0.645 0.627 0.684 0.674 0.679 );anonymous;NULL;24586;NULL;NULL;NULL;NULL;NULL;NULL;NULL;3eceecb1-84e4-48dd-bb5e-6841f9e467ac;NULL;NULL;2023-12-12 10:02:44.7902
NULL;NULL;0.6901;ReceivingData;NULL;anonymous;MotorImagery;24646;NULL;NULL;17;NULL;NULL;NULL;NULL;3eceecb1-84e4-48dd-bb5e-6841f9e467ac;NULL;NULL;2023-12-12 10:02:45.2681
NULL;NULL;NULL;NULL;(0.682 0.676 0.720 0.733 0.726 0.690 0.660 0.687 );anonymous;NULL;24646;NULL;NULL;NULL;NULL;NULL;NULL;NULL;3eceecb1-84e4-48dd-bb5e-6841f9e467ac;NULL;NULL;2023-12-12 10:02:45.2681
NULL;NULL;0.6323;ReceivingData;NULL;anonymous;Rest;24711;NULL;NULL;17;NULL;NULL;NULL;NULL;3eceecb1-84e4-48dd-bb5e-6841f9e467ac;NULL;NULL;2023-12-12 10:02:45.7759
NULL;NULL;NULL;NULL;(0.655 0.632 0.667 0.668 0.680 0.704 0.687 0.672 );anonymous;NULL;24711;NULL;NULL;NULL;NULL;NULL;NULL;NULL;3eceecb1-84e4-48dd-bb5e-6841f9e467ac;NULL;NULL;2023-12-12 10:02:45.7759
NULL;NULL;NULL;NULL;NULL;anonymous;Start Goblin Turn;24737;NULL;NULL;NULL;7;NULL;NULL;FALSE;3eceecb1-84e4-48dd-bb5e-6841f9e467ac;NULL;NULL;2023-12-12 10:02:45.9834
NULL;NULL;0.7832;ReceivingData;NULL;anonymous;MotorImagery;24770;NULL;NULL;18;NULL;NULL;NULL;NULL;3eceecb1-84e4-48dd-bb5e-6841f9e467ac;NULL;NULL;2023-12-12 10:02:46.2562
NULL;NULL;NULL;NULL;(0.790 0.783 0.647 0.652 0.685 0.730 0.756 0.778 );anonymous;NULL;24770;NULL;NULL;NULL;NULL;NULL;NULL;NULL;3eceecb1-84e4-48dd-bb5e-6841f9e467ac;NULL;NULL;2023-12-12 10:02:46.2562
NULL;NULL;NULL;NULL;NULL;anonymous;End Goblin Turn;24900;NULL;NULL;NULL;NULL;NULL;NULL;NULL;3eceecb1-84e4-48dd-bb5e-6841f9e467ac;NULL;NULL;2023-12-12 10:02:47.2702
NULL;NULL;NULL;NULL;NULL;anonymous;Start Player Turn;24901;NULL;NULL;NULL;8;NULL;NULL;TRUE;3eceecb1-84e4-48dd-bb5e-6841f9e467ac;NULL;NULL;2023-12-12 10:02:47.2787
NULL;NULL;0.6287;ReceivingData;NULL;anonymous;Rest;24949;NULL;NULL;18;NULL;NULL;NULL;NULL;3eceecb1-84e4-48dd-bb5e-6841f9e467ac;NULL;NULL;2023-12-12 10:02:48.1613
NULL;NULL;NULL;NULL;(0.695 0.675 0.653 0.651 0.656 0.629 0.733 0.725 );anonymous;NULL;24949;NULL;NULL;NULL;NULL;NULL;NULL;NULL;3eceecb1-84e4-48dd-bb5e-6841f9e467ac;NULL;NULL;2023-12-12 10:02:48.1613
NULL;NULL;0.7979;ReceivingData;NULL;anonymous;MotorImagery;25320;NULL;NULL;19;NULL;NULL;NULL;NULL;3eceecb1-84e4-48dd-bb5e-6841f9e467ac;NULL;NULL;2023-12-12 10:02:52.0326
NULL;NULL;NULL;NULL;(0.788 0.795 0.798 0.671 0.708 0.728 0.750 0.760 );anonymous;NULL;25320;NULL;NULL;NULL;NULL;NULL;NULL;NULL;3eceecb1-84e4-48dd-bb5e-6841f9e467ac;NULL;NULL;2023-12-12 10:02:52.0336
NULL;NULL;0.5683;ReceivingData;NULL;anonymous;Rest;25498;NULL;NULL;19;NULL;NULL;NULL;NULL;3eceecb1-84e4-48dd-bb5e-6841f9e467ac;NULL;NULL;2023-12-12 10:02:53.4715
NULL;NULL;NULL;NULL;(0.744 0.652 0.568 0.825 0.811 0.773 0.758 0.758 );anonymous;NULL;25498;NULL;NULL;NULL;NULL;NULL;NULL;NULL;3eceecb1-84e4-48dd-bb5e-6841f9e467ac;NULL;NULL;2023-12-12 10:02:53.4715
NULL;NULL;NULL;NULL;NULL;anonymous;RegenMana;25498;NULL;NULL;NULL;NULL;16.0000;0.0000;NULL;3eceecb1-84e4-48dd-bb5e-6841f9e467ac;NULL;4;2023-12-12 10:02:53.4726
NULL;2;NULL;NULL;NULL;anonymous;BciSuccess;25498;NULL;NULL;NULL;NULL;NULL;NULL;NULL;3eceecb1-84e4-48dd-bb5e-6841f9e467ac;TRUE;NULL;2023-12-12 10:02:53.4726
NULL;NULL;NULL;NULL;NULL;anonymous;Start Goblin Turn;25578;NULL;NULL;NULL;8;NULL;NULL;FALSE;3eceecb1-84e4-48dd-bb5e-6841f9e467ac;NULL;NULL;2023-12-12 10:02:54.9859
NULL;NULL;NULL;NULL;NULL;anonymous;Start Goblin Turn;25580;NULL;NULL;NULL;8;NULL;NULL;FALSE;3eceecb1-84e4-48dd-bb5e-6841f9e467ac;NULL;NULL;2023-12-12 10:02:55.0035
NULL;NULL;NULL;NULL;NULL;anonymous;Start Goblin Turn;25629;NULL;NULL;NULL;8;NULL;NULL;FALSE;3eceecb1-84e4-48dd-bb5e-6841f9e467ac;NULL;NULL;2023-12-12 10:02:55.4170
NULL;NULL;NULL;NULL;NULL;anonymous;Start Goblin Turn;25714;NULL;NULL;NULL;8;NULL;NULL;FALSE;3eceecb1-84e4-48dd-bb5e-6841f9e467ac;NULL;NULL;2023-12-12 10:02:56.1224
NULL;NULL;0.7123;ReceivingData;NULL;anonymous;MotorImagery;25737;NULL;NULL;20;NULL;NULL;NULL;NULL;3eceecb1-84e4-48dd-bb5e-6841f9e467ac;NULL;NULL;2023-12-12 10:02:56.3180
NULL;NULL;NULL;NULL;(0.712 0.645 0.659 0.721 0.697 0.713 0.695 0.689 );anonymous;NULL;25737;NULL;NULL;NULL;NULL;NULL;NULL;NULL;3eceecb1-84e4-48dd-bb5e-6841f9e467ac;NULL;NULL;2023-12-12 10:02:56.3180
NULL;NULL;NULL;NULL;NULL;anonymous;Start Goblin Turn;25835;NULL;NULL;NULL;8;NULL;NULL;FALSE;3eceecb1-84e4-48dd-bb5e-6841f9e467ac;NULL;NULL;2023-12-12 10:02:57.1171
NULL;NULL;0.6354;ReceivingData;NULL;anonymous;Rest;25852;NULL;NULL;20;NULL;NULL;NULL;NULL;3eceecb1-84e4-48dd-bb5e-6841f9e467ac;NULL;NULL;2023-12-12 10:02:57.2663
NULL;NULL;NULL;NULL;(0.681 0.675 0.657 0.671 0.635 0.701 0.655 0.678 );anonymous;NULL;25852;NULL;NULL;NULL;NULL;NULL;NULL;NULL;3eceecb1-84e4-48dd-bb5e-6841f9e467ac;NULL;NULL;2023-12-12 10:02:57.2663
NULL;NULL;NULL;NULL;NULL;anonymous;End Goblin Turn;25900;NULL;NULL;NULL;NULL;NULL;NULL;NULL;3eceecb1-84e4-48dd-bb5e-6841f9e467ac;NULL;NULL;2023-12-12 10:02:57.6559
NULL;NULL;NULL;NULL;NULL;anonymous;Start Player Turn;25901;NULL;NULL;NULL;9;NULL;NULL;TRUE;3eceecb1-84e4-48dd-bb5e-6841f9e467ac;NULL;NULL;2023-12-12 10:02:57.6742
NULL;NULL;0.6602;ReceivingData;NULL;anonymous;MotorImagery;25929;NULL;NULL;21;NULL;NULL;NULL;NULL;3eceecb1-84e4-48dd-bb5e-6841f9e467ac;NULL;NULL;2023-12-12 10:02:58.2150
NULL;NULL;NULL;NULL;(0.647 0.649 0.642 0.655 0.650 0.660 0.645 0.667 );anonymous;NULL;25929;NULL;NULL;NULL;NULL;NULL;NULL;NULL;3eceecb1-84e4-48dd-bb5e-6841f9e467ac;NULL;NULL;2023-12-12 10:02:58.2150
NULL;NULL;0.6283;ReceivingData;NULL;anonymous;Rest;25933;NULL;NULL;21;NULL;NULL;NULL;NULL;3eceecb1-84e4-48dd-bb5e-6841f9e467ac;NULL;NULL;2023-12-12 10:02:58.2906
NULL;NULL;NULL;NULL;(0.650 0.628 0.642 0.655 0.650 0.660 0.641 0.645 );anonymous;NULL;25933;NULL;NULL;NULL;NULL;NULL;NULL;NULL;3eceecb1-84e4-48dd-bb5e-6841f9e467ac;NULL;NULL;2023-12-12 10:02:58.2906
2;NULL;NULL;NULL;NULL;anonymous;Player Attacking;25989;NULL;NULL;NULL;NULL;NULL;NULL;NULL;3eceecb1-84e4-48dd-bb5e-6841f9e467ac;NULL;NULL;2023-12-12 10:02:59.3734
NULL;NULL;NULL;NULL;NULL;anonymous;Start Goblin Turn;26086;NULL;NULL;NULL;9;NULL;NULL;FALSE;3eceecb1-84e4-48dd-bb5e-6841f9e467ac;NULL;NULL;2023-12-12 10:03:01.1962
NULL;NULL;NULL;NULL;NULL;anonymous;Start Goblin Turn;26088;NULL;NULL;NULL;9;NULL;NULL;FALSE;3eceecb1-84e4-48dd-bb5e-6841f9e467ac;NULL;NULL;2023-12-12 10:03:01.2121
NULL;NULL;NULL;NULL;NULL;anonymous;Start Goblin Turn;26215;NULL;NULL;NULL;9;NULL;NULL;FALSE;3eceecb1-84e4-48dd-bb5e-6841f9e467ac;NULL;NULL;2023-12-12 10:03:02.2220
NULL;NULL;NULL;NULL;NULL;anonymous;Start Goblin Turn;26302;NULL;NULL;NULL;9;NULL;NULL;FALSE;3eceecb1-84e4-48dd-bb5e-6841f9e467ac;NULL;NULL;2023-12-12 10:03:02.9189
NULL;NULL;NULL;NULL;NULL;anonymous;Player Hurt;26303;NULL;NULL;NULL;NULL;15.0000;0.0000;NULL;3eceecb1-84e4-48dd-bb5e-6841f9e467ac;NULL;5;2023-12-12 10:03:02.9425
NULL;NULL;NULL;NULL;NULL;anonymous;Start Goblin Turn;26304;NULL;NULL;NULL;9;NULL;NULL;FALSE;3eceecb1-84e4-48dd-bb5e-6841f9e467ac;NULL;NULL;2023-12-12 10:03:02.9496
NULL;NULL;NULL;NULL;NULL;anonymous;End Goblin Turn;26466;NULL;NULL;NULL;NULL;NULL;NULL;NULL;3eceecb1-84e4-48dd-bb5e-6841f9e467ac;NULL;NULL;2023-12-12 10:03:04.2378
NULL;NULL;NULL;NULL;NULL;anonymous;Start Player Turn;26467;NULL;NULL;NULL;10;NULL;NULL;TRUE;3eceecb1-84e4-48dd-bb5e-6841f9e467ac;NULL;NULL;2023-12-12 10:03:04.2574
NULL;NULL;0.7233;ReceivingData;NULL;anonymous;MotorImagery;27140;NULL;NULL;22;NULL;NULL;NULL;NULL;3eceecb1-84e4-48dd-bb5e-6841f9e467ac;NULL;NULL;2023-12-12 10:03:10.2467
NULL;NULL;NULL;NULL;(0.643 0.688 0.697 0.701 0.691 0.721 0.726 0.723 );anonymous;NULL;27140;NULL;NULL;NULL;NULL;NULL;NULL;NULL;3eceecb1-84e4-48dd-bb5e-6841f9e467ac;NULL;NULL;2023-12-12 10:03:10.2467
NULL;NULL;NULL;NULL;NULL;anonymous;RegenMana;27140;NULL;NULL;NULL;NULL;15.0000;0.0000;NULL;3eceecb1-84e4-48dd-bb5e-6841f9e467ac;NULL;5;2023-12-12 10:03:10.2467
NULL;3;NULL;NULL;NULL;anonymous;BciSuccess;27140;NULL;NULL;NULL;NULL;NULL;NULL;NULL;3eceecb1-84e4-48dd-bb5e-6841f9e467ac;TRUE;NULL;2023-12-12 10:03:10.2467
NULL;NULL;0.6209;ReceivingData;NULL;anonymous;Rest;27168;NULL;NULL;22;NULL;NULL;NULL;NULL;3eceecb1-84e4-48dd-bb5e-6841f9e467ac;NULL;NULL;2023-12-12 10:03:10.7950
NULL;NULL;NULL;NULL;(0.621 0.762 0.767 0.792 0.786 0.767 0.744 0.737 );anonymous;NULL;27168;NULL;NULL;NULL;NULL;NULL;NULL;NULL;3eceecb1-84e4-48dd-bb5e-6841f9e467ac;NULL;NULL;2023-12-12 10:03:10.7950
NULL;NULL;NULL;NULL;NULL;anonymous;Start Goblin Turn;27220;NULL;NULL;NULL;10;NULL;NULL;FALSE;3eceecb1-84e4-48dd-bb5e-6841f9e467ac;NULL;NULL;2023-12-12 10:03:11.7613
NULL;NULL;NULL;NULL;NULL;anonymous;Start Goblin Turn;27222;NULL;NULL;NULL;10;NULL;NULL;FALSE;3eceecb1-84e4-48dd-bb5e-6841f9e467ac;NULL;NULL;2023-12-12 10:03:11.7767
NULL;NULL;NULL;NULL;NULL;anonymous;Start Goblin Turn;27307;NULL;NULL;NULL;10;NULL;NULL;FALSE;3eceecb1-84e4-48dd-bb5e-6841f9e467ac;NULL;NULL;2023-12-12 10:03:12.4850
NULL;NULL;NULL;NULL;NULL;anonymous;Start Goblin Turn;27426;NULL;NULL;NULL;10;NULL;NULL;FALSE;3eceecb1-84e4-48dd-bb5e-6841f9e467ac;NULL;NULL;2023-12-12 10:03:13.4516
NULL;NULL;NULL;NULL;NULL;anonymous;Player Hurt;27427;NULL;NULL;NULL;NULL;14.0000;1.0000;NULL;3eceecb1-84e4-48dd-bb5e-6841f9e467ac;NULL;6;2023-12-12 10:03:13.4740
NULL;NULL;NULL;NULL;NULL;anonymous;Start Goblin Turn;27428;NULL;NULL;NULL;10;NULL;NULL;FALSE;3eceecb1-84e4-48dd-bb5e-6841f9e467ac;NULL;NULL;2023-12-12 10:03:13.4813
NULL;NULL;NULL;NULL;NULL;anonymous;End Goblin Turn;27476;NULL;NULL;NULL;NULL;NULL;NULL;NULL;3eceecb1-84e4-48dd-bb5e-6841f9e467ac;NULL;NULL;2023-12-12 10:03:13.8886
NULL;NULL;NULL;NULL;NULL;anonymous;Start Player Turn;27477;NULL;NULL;NULL;11;NULL;NULL;TRUE;3eceecb1-84e4-48dd-bb5e-6841f9e467ac;NULL;NULL;2023-12-12 10:03:13.9052
NULL;NULL;0.6841;ReceivingData;NULL;anonymous;MotorImagery;27490;NULL;NULL;23;NULL;NULL;NULL;NULL;3eceecb1-84e4-48dd-bb5e-6841f9e467ac;NULL;NULL;2023-12-12 10:03:14.1493
NULL;NULL;NULL;NULL;(0.684 0.641 0.668 0.723 0.743 0.735 0.730 0.682 );anonymous;NULL;27490;NULL;NULL;NULL;NULL;NULL;NULL;NULL;3eceecb1-84e4-48dd-bb5e-6841f9e467ac;NULL;NULL;2023-12-12 10:03:14.1493
NULL;NULL;0.6309;ReceivingData;NULL;anonymous;Rest;27536;NULL;NULL;23;NULL;NULL;NULL;NULL;3eceecb1-84e4-48dd-bb5e-6841f9e467ac;NULL;NULL;2023-12-12 10:03:15.0342
NULL;NULL;NULL;NULL;(0.679 0.659 0.658 0.644 0.631 0.677 0.656 0.659 );anonymous;NULL;27536;NULL;NULL;NULL;NULL;NULL;NULL;NULL;3eceecb1-84e4-48dd-bb5e-6841f9e467ac;NULL;NULL;2023-12-12 10:03:15.0342
3;NULL;NULL;NULL;NULL;anonymous;Player Attacking;27579;NULL;NULL;NULL;NULL;NULL;NULL;NULL;3eceecb1-84e4-48dd-bb5e-6841f9e467ac;NULL;NULL;2023-12-12 10:03:15.8572
NULL;NULL;NULL;NULL;NULL;anonymous;Goblin Death;27621;NULL;Goblin 2 Variant (4);NULL;NULL;NULL;NULL;NULL;3eceecb1-84e4-48dd-bb5e-6841f9e467ac;NULL;NULL;2023-12-12 10:03:16.6403
NULL;NULL;NULL;NULL;NULL;anonymous;Start Goblin Turn;27676;NULL;NULL;NULL;11;NULL;NULL;FALSE;3eceecb1-84e4-48dd-bb5e-6841f9e467ac;NULL;NULL;2023-12-12 10:03:17.6587
NULL;NULL;NULL;NULL;NULL;anonymous;Start Goblin Turn;27678;NULL;NULL;NULL;11;NULL;NULL;FALSE;3eceecb1-84e4-48dd-bb5e-6841f9e467ac;NULL;NULL;2023-12-12 10:03:17.6767
NULL;NULL;NULL;NULL;NULL;anonymous;Start Goblin Turn;27732;NULL;NULL;NULL;11;NULL;NULL;FALSE;3eceecb1-84e4-48dd-bb5e-6841f9e467ac;NULL;NULL;2023-12-12 10:03:18.1138
NULL;NULL;NULL;NULL;NULL;anonymous;Start Goblin Turn;27768;NULL;NULL;NULL;11;NULL;NULL;FALSE;3eceecb1-84e4-48dd-bb5e-6841f9e467ac;NULL;NULL;2023-12-12 10:03:18.4035
NULL;NULL;NULL;NULL;NULL;anonymous;End Goblin Turn;27785;NULL;NULL;NULL;NULL;NULL;NULL;NULL;3eceecb1-84e4-48dd-bb5e-6841f9e467ac;NULL;NULL;2023-12-12 10:03:18.5449
NULL;NULL;NULL;NULL;NULL;anonymous;Start Player Turn;27786;NULL;NULL;NULL;12;NULL;NULL;TRUE;3eceecb1-84e4-48dd-bb5e-6841f9e467ac;NULL;NULL;2023-12-12 10:03:18.5613
NULL;4;NULL;NULL;NULL;anonymous;BciFail;29289;NULL;NULL;NULL;NULL;NULL;NULL;NULL;3eceecb1-84e4-48dd-bb5e-6841f9e467ac;FALSE;NULL;2023-12-12 10:03:31.7674
NULL;5;NULL;NULL;NULL;anonymous;BciFail;30770;NULL;NULL;NULL;NULL;NULL;NULL;NULL;3eceecb1-84e4-48dd-bb5e-6841f9e467ac;FALSE;NULL;2023-12-12 10:03:44.7255
NULL;NULL;0.7068;ReceivingData;NULL;anonymous;MotorImagery;31371;NULL;NULL;24;NULL;NULL;NULL;NULL;3eceecb1-84e4-48dd-bb5e-6841f9e467ac;NULL;NULL;2023-12-12 10:03:50.6205
NULL;NULL;NULL;NULL;(0.762 0.746 0.738 0.721 0.707 0.646 0.720 0.746 );anonymous;NULL;31371;NULL;NULL;NULL;NULL;NULL;NULL;NULL;3eceecb1-84e4-48dd-bb5e-6841f9e467ac;NULL;NULL;2023-12-12 10:03:50.6205
NULL;NULL;NULL;NULL;NULL;anonymous;RegenMana;31371;NULL;NULL;NULL;NULL;14.0000;0.0000;NULL;3eceecb1-84e4-48dd-bb5e-6841f9e467ac;NULL;6;2023-12-12 10:03:50.6210
NULL;6;NULL;NULL;NULL;anonymous;BciSuccess;31371;NULL;NULL;NULL;NULL;NULL;NULL;NULL;3eceecb1-84e4-48dd-bb5e-6841f9e467ac;TRUE;NULL;2023-12-12 10:03:50.6210
NULL;NULL;0.6160;ReceivingData;NULL;anonymous;Rest;31443;NULL;NULL;24;NULL;NULL;NULL;NULL;3eceecb1-84e4-48dd-bb5e-6841f9e467ac;NULL;NULL;2023-12-12 10:03:52.0204
NULL;NULL;NULL;NULL;(0.697 0.683 0.707 0.706 0.706 0.641 0.616 0.729 );anonymous;NULL;31443;NULL;NULL;NULL;NULL;NULL;NULL;NULL;3eceecb1-84e4-48dd-bb5e-6841f9e467ac;NULL;NULL;2023-12-12 10:03:52.0204
NULL;NULL;NULL;NULL;NULL;anonymous;Start Goblin Turn;31451;NULL;NULL;NULL;12;NULL;NULL;FALSE;3eceecb1-84e4-48dd-bb5e-6841f9e467ac;NULL;NULL;2023-12-12 10:03:52.1480
NULL;NULL;NULL;NULL;NULL;anonymous;Start Goblin Turn;31453;NULL;NULL;NULL;12;NULL;NULL;FALSE;3eceecb1-84e4-48dd-bb5e-6841f9e467ac;NULL;NULL;2023-12-12 10:03:52.1642
NULL;NULL;NULL;NULL;NULL;anonymous;Start Goblin Turn;31523;NULL;NULL;NULL;12;NULL;NULL;FALSE;3eceecb1-84e4-48dd-bb5e-6841f9e467ac;NULL;NULL;2023-12-12 10:03:52.7343
NULL;NULL;NULL;NULL;NULL;anonymous;Start Goblin Turn;31649;NULL;NULL;NULL;12;NULL;NULL;FALSE;3eceecb1-84e4-48dd-bb5e-6841f9e467ac;NULL;NULL;2023-12-12 10:03:53.7448
NULL;NULL;NULL;NULL;NULL;anonymous;End Goblin Turn;31810;NULL;NULL;NULL;NULL;NULL;NULL;NULL;3eceecb1-84e4-48dd-bb5e-6841f9e467ac;NULL;NULL;2023-12-12 10:03:55.0258
NULL;NULL;NULL;NULL;NULL;anonymous;Start Player Turn;31811;NULL;NULL;NULL;13;NULL;NULL;TRUE;3eceecb1-84e4-48dd-bb5e-6841f9e467ac;NULL;NULL;2023-12-12 10:03:55.0437
NULL;NULL;NULL;NULL;NULL;anonymous;Player Moving;31932;NULL;NULL;NULL;NULL;NULL;NULL;NULL;3eceecb1-84e4-48dd-bb5e-6841f9e467ac;NULL;NULL;2023-12-12 10:03:57.3333
NULL;NULL;0.6773;ReceivingData;NULL;anonymous;MotorImagery;32270;NULL;NULL;25;NULL;NULL;NULL;NULL;3eceecb1-84e4-48dd-bb5e-6841f9e467ac;NULL;NULL;2023-12-12 10:04:00.2084
NULL;NULL;NULL;NULL;(0.688 0.689 0.677 0.662 0.725 0.713 0.723 0.720 );anonymous;NULL;32270;NULL;NULL;NULL;NULL;NULL;NULL;NULL;3eceecb1-84e4-48dd-bb5e-6841f9e467ac;NULL;NULL;2023-12-12 10:04:00.2084
NULL;NULL;NULL;NULL;NULL;anonymous;End Player Turn;32314;NULL;NULL;NULL;13;NULL;NULL;FALSE;3eceecb1-84e4-48dd-bb5e-6841f9e467ac;NULL;NULL;2023-12-12 10:04:00.5760
NULL;NULL;NULL;NULL;NULL;anonymous;Start Goblin Turn;32315;NULL;NULL;NULL;13;NULL;NULL;FALSE;3eceecb1-84e4-48dd-bb5e-6841f9e467ac;NULL;NULL;2023-12-12 10:04:00.5838
NULL;NULL;NULL;NULL;NULL;anonymous;Start Goblin Turn;32317;NULL;NULL;NULL;13;NULL;NULL;FALSE;3eceecb1-84e4-48dd-bb5e-6841f9e467ac;NULL;NULL;2023-12-12 10:04:00.6015
NULL;NULL;0.6095;ReceivingData;NULL;anonymous;Rest;32389;NULL;NULL;25;NULL;NULL;NULL;NULL;3eceecb1-84e4-48dd-bb5e-6841f9e467ac;NULL;NULL;2023-12-12 10:04:01.1925
NULL;NULL;NULL;NULL;(0.721 0.734 0.726 0.705 0.668 0.651 0.610 0.705 );anonymous;NULL;32389;NULL;NULL;NULL;NULL;NULL;NULL;NULL;3eceecb1-84e4-48dd-bb5e-6841f9e467ac;NULL;NULL;2023-12-12 10:04:01.1925
NULL;NULL;NULL;NULL;NULL;anonymous;Start Goblin Turn;32454;NULL;NULL;NULL;13;NULL;NULL;FALSE;3eceecb1-84e4-48dd-bb5e-6841f9e467ac;NULL;NULL;2023-12-12 10:04:01.7526
NULL;NULL;NULL;NULL;NULL;anonymous;Start Goblin Turn;32471;NULL;NULL;NULL;13;NULL;NULL;FALSE;3eceecb1-84e4-48dd-bb5e-6841f9e467ac;NULL;NULL;2023-12-12 10:04:01.9315
NULL;NULL;NULL;NULL;NULL;anonymous;End Goblin Turn;32534;NULL;NULL;NULL;NULL;NULL;NULL;NULL;3eceecb1-84e4-48dd-bb5e-6841f9e467ac;NULL;NULL;2023-12-12 10:04:02.4706
NULL;NULL;NULL;NULL;NULL;anonymous;Start Player Turn;32535;NULL;NULL;NULL;14;NULL;NULL;TRUE;3eceecb1-84e4-48dd-bb5e-6841f9e467ac;NULL;NULL;2023-12-12 10:04:02.4787
NULL;NULL;0.6650;ReceivingData;NULL;anonymous;MotorImagery;32545;NULL;NULL;26;NULL;NULL;NULL;NULL;3eceecb1-84e4-48dd-bb5e-6841f9e467ac;NULL;NULL;2023-12-12 10:04:02.6733
NULL;NULL;NULL;NULL;(0.677 0.661 0.665 0.687 0.669 0.673 0.672 0.674 );anonymous;NULL;32545;NULL;NULL;NULL;NULL;NULL;NULL;NULL;3eceecb1-84e4-48dd-bb5e-6841f9e467ac;NULL;NULL;2023-12-12 10:04:02.6733
NULL;NULL;0.6360;ReceivingData;NULL;anonymous;Rest;32592;NULL;NULL;26;NULL;NULL;NULL;NULL;3eceecb1-84e4-48dd-bb5e-6841f9e467ac;NULL;NULL;2023-12-12 10:04:03.5681
NULL;NULL;NULL;NULL;(0.667 0.636 0.721 0.705 0.703 0.708 0.675 0.663 );anonymous;NULL;32592;NULL;NULL;NULL;NULL;NULL;NULL;NULL;3eceecb1-84e4-48dd-bb5e-6841f9e467ac;NULL;NULL;2023-12-12 10:04:03.5681
NULL;NULL;0.6872;ReceivingData;NULL;anonymous;MotorImagery;32668;NULL;NULL;27;NULL;NULL;NULL;NULL;3eceecb1-84e4-48dd-bb5e-6841f9e467ac;NULL;NULL;2023-12-12 10:04:05.0380
NULL;NULL;NULL;NULL;(0.648 0.687 0.665 0.663 0.653 0.667 0.663 0.662 );anonymous;NULL;32668;NULL;NULL;NULL;NULL;NULL;NULL;NULL;3eceecb1-84e4-48dd-bb5e-6841f9e467ac;NULL;NULL;2023-12-12 10:04:05.0380
NULL;NULL;0.0002;ReceivingData;NULL;anonymous;Rest;32770;NULL;NULL;27;NULL;NULL;NULL;NULL;3eceecb1-84e4-48dd-bb5e-6841f9e467ac;NULL;NULL;2023-12-12 10:04:07.0268
NULL;NULL;NULL;NULL;(0.804 0.816 0.810 0.804 0.816 0.000 0.783 0.794 );anonymous;NULL;32770;NULL;NULL;NULL;NULL;NULL;NULL;NULL;3eceecb1-84e4-48dd-bb5e-6841f9e467ac;NULL;NULL;2023-12-12 10:04:07.0268
NULL;NULL;NULL;NULL;NULL;anonymous;Player Moving;32861;NULL;NULL;NULL;NULL;NULL;NULL;NULL;3eceecb1-84e4-48dd-bb5e-6841f9e467ac;NULL;NULL;2023-12-12 10:04:08.8225
NULL;NULL;0.7122;ReceivingData;NULL;anonymous;MotorImagery;33204;NULL;NULL;28;NULL;NULL;NULL;NULL;3eceecb1-84e4-48dd-bb5e-6841f9e467ac;NULL;NULL;2023-12-12 10:04:11.7138
NULL;NULL;NULL;NULL;(0.723 0.712 0.656 0.694 0.709 0.741 0.742 0.736 );anonymous;NULL;33204;NULL;NULL;NULL;NULL;NULL;NULL;NULL;3eceecb1-84e4-48dd-bb5e-6841f9e467ac;NULL;NULL;2023-12-12 10:04:11.7138
NULL;NULL;0.6189;ReceivingData;NULL;anonymous;Rest;33263;NULL;NULL;28;NULL;NULL;NULL;NULL;3eceecb1-84e4-48dd-bb5e-6841f9e467ac;NULL;NULL;2023-12-12 10:04:12.2345
NULL;NULL;NULL;NULL;(0.681 0.708 0.716 0.679 0.708 0.619 0.691 0.667 );anonymous;NULL;33263;NULL;NULL;NULL;NULL;NULL;NULL;NULL;3eceecb1-84e4-48dd-bb5e-6841f9e467ac;NULL;NULL;2023-12-12 10:04:12.2345
NULL;NULL;NULL;NULL;NULL;anonymous;End Player Turn;33274;NULL;NULL;NULL;14;NULL;NULL;FALSE;3eceecb1-84e4-48dd-bb5e-6841f9e467ac;NULL;NULL;2023-12-12 10:04:12.3287
NULL;NULL;NULL;NULL;NULL;anonymous;Start Goblin Turn;33275;NULL;NULL;NULL;14;NULL;NULL;FALSE;3eceecb1-84e4-48dd-bb5e-6841f9e467ac;NULL;NULL;2023-12-12 10:04:12.3365
NULL;NULL;NULL;NULL;NULL;anonymous;Start Goblin Turn;33277;NULL;NULL;NULL;14;NULL;NULL;FALSE;3eceecb1-84e4-48dd-bb5e-6841f9e467ac;NULL;NULL;2023-12-12 10:04:12.3537
NULL;NULL;NULL;NULL;NULL;anonymous;Start Goblin Turn;33360;NULL;NULL;NULL;14;NULL;NULL;FALSE;3eceecb1-84e4-48dd-bb5e-6841f9e467ac;NULL;NULL;2023-12-12 10:04:13.0715
NULL;NULL;NULL;NULL;NULL;anonymous;Start Goblin Turn;33473;NULL;NULL;NULL;14;NULL;NULL;FALSE;3eceecb1-84e4-48dd-bb5e-6841f9e467ac;NULL;NULL;2023-12-12 10:04:14.0489
NULL;NULL;NULL;NULL;NULL;anonymous;End Goblin Turn;33619;NULL;NULL;NULL;NULL;NULL;NULL;NULL;3eceecb1-84e4-48dd-bb5e-6841f9e467ac;NULL;NULL;2023-12-12 10:04:15.3213
NULL;NULL;NULL;NULL;NULL;anonymous;Start Player Turn;33620;NULL;NULL;NULL;15;NULL;NULL;TRUE;3eceecb1-84e4-48dd-bb5e-6841f9e467ac;NULL;NULL;2023-12-12 10:04:15.3302
4;NULL;NULL;NULL;NULL;anonymous;Player Attacking;33781;NULL;NULL;NULL;NULL;NULL;NULL;NULL;3eceecb1-84e4-48dd-bb5e-6841f9e467ac;NULL;NULL;2023-12-12 10:04:18.5285
NULL;NULL;NULL;NULL;NULL;anonymous;Goblin Death;33854;NULL;Goblin 2 Variant (3);NULL;NULL;NULL;NULL;NULL;3eceecb1-84e4-48dd-bb5e-6841f9e467ac;NULL;NULL;2023-12-12 10:04:19.9253
NULL;NULL;NULL;NULL;NULL;anonymous;Start Goblin Turn;33909;NULL;NULL;NULL;15;NULL;NULL;FALSE;3eceecb1-84e4-48dd-bb5e-6841f9e467ac;NULL;NULL;2023-12-12 10:04:20.9571
NULL;NULL;NULL;NULL;NULL;anonymous;Start Goblin Turn;33911;NULL;NULL;NULL;15;NULL;NULL;FALSE;3eceecb1-84e4-48dd-bb5e-6841f9e467ac;NULL;NULL;2023-12-12 10:04:20.9745
NULL;NULL;0.7467;ReceivingData;NULL;anonymous;MotorImagery;33949;NULL;NULL;29;NULL;NULL;NULL;NULL;3eceecb1-84e4-48dd-bb5e-6841f9e467ac;NULL;NULL;2023-12-12 10:04:21.3013
NULL;NULL;NULL;NULL;(0.747 0.694 0.701 0.700 0.705 0.725 0.734 0.736 );anonymous;NULL;33949;NULL;NULL;NULL;NULL;NULL;NULL;NULL;3eceecb1-84e4-48dd-bb5e-6841f9e467ac;NULL;NULL;2023-12-12 10:04:21.3013
NULL;NULL;NULL;NULL;NULL;anonymous;Start Goblin Turn;33964;NULL;NULL;NULL;15;NULL;NULL;FALSE;3eceecb1-84e4-48dd-bb5e-6841f9e467ac;NULL;NULL;2023-12-12 10:04:21.4315
NULL;NULL;0.6217;ReceivingData;NULL;anonymous;Rest;34007;NULL;NULL;29;NULL;NULL;NULL;NULL;3eceecb1-84e4-48dd-bb5e-6841f9e467ac;NULL;NULL;2023-12-12 10:04:21.7990
NULL;NULL;NULL;NULL;(0.622 0.765 0.797 0.769 0.754 0.753 0.730 0.647 );anonymous;NULL;34007;NULL;NULL;NULL;NULL;NULL;NULL;NULL;3eceecb1-84e4-48dd-bb5e-6841f9e467ac;NULL;NULL;2023-12-12 10:04:21.7990
NULL;NULL;NULL;NULL;NULL;anonymous;End Goblin Turn;34011;NULL;NULL;NULL;NULL;NULL;NULL;NULL;3eceecb1-84e4-48dd-bb5e-6841f9e467ac;NULL;NULL;2023-12-12 10:04:21.8361
NULL;NULL;NULL;NULL;NULL;anonymous;Start Player Turn;34012;NULL;NULL;NULL;16;NULL;NULL;TRUE;3eceecb1-84e4-48dd-bb5e-6841f9e467ac;NULL;NULL;2023-12-12 10:04:21.8582
NULL;NULL;0.7185;ReceivingData;NULL;anonymous;MotorImagery;34680;NULL;NULL;30;NULL;NULL;NULL;NULL;3eceecb1-84e4-48dd-bb5e-6841f9e467ac;NULL;NULL;2023-12-12 10:04:28.0892
NULL;NULL;NULL;NULL;(0.695 0.681 0.667 0.698 0.708 0.718 0.655 0.678 );anonymous;NULL;34680;NULL;NULL;NULL;NULL;NULL;NULL;NULL;3eceecb1-84e4-48dd-bb5e-6841f9e467ac;NULL;NULL;2023-12-12 10:04:28.0892
NULL;NULL;NULL;NULL;NULL;anonymous;RegenMana;34680;NULL;NULL;NULL;NULL;14.0000;0.0000;NULL;3eceecb1-84e4-48dd-bb5e-6841f9e467ac;NULL;6;2023-12-12 10:04:28.0892
NULL;7;NULL;NULL;NULL;anonymous;BciSuccess;34680;NULL;NULL;NULL;NULL;NULL;NULL;NULL;3eceecb1-84e4-48dd-bb5e-6841f9e467ac;TRUE;NULL;2023-12-12 10:04:28.0902
NULL;NULL;0.6239;ReceivingData;NULL;anonymous;Rest;34729;NULL;NULL;30;NULL;NULL;NULL;NULL;3eceecb1-84e4-48dd-bb5e-6841f9e467ac;NULL;NULL;2023-12-12 10:04:29.0415
NULL;NULL;NULL;NULL;(0.706 0.683 0.624 0.692 0.690 0.660 0.648 0.670 );anonymous;NULL;34729;NULL;NULL;NULL;NULL;NULL;NULL;NULL;3eceecb1-84e4-48dd-bb5e-6841f9e467ac;NULL;NULL;2023-12-12 10:04:29.0415
NULL;NULL;NULL;NULL;NULL;anonymous;Start Goblin Turn;34758;NULL;NULL;NULL;16;NULL;NULL;FALSE;3eceecb1-84e4-48dd-bb5e-6841f9e467ac;NULL;NULL;2023-12-12 10:04:29.6002
NULL;NULL;NULL;NULL;NULL;anonymous;Start Goblin Turn;34760;NULL;NULL;NULL;16;NULL;NULL;FALSE;3eceecb1-84e4-48dd-bb5e-6841f9e467ac;NULL;NULL;2023-12-12 10:04:29.6157
NULL;NULL;NULL;NULL;NULL;anonymous;Start Goblin Turn;34810;NULL;NULL;NULL;16;NULL;NULL;FALSE;3eceecb1-84e4-48dd-bb5e-6841f9e467ac;NULL;NULL;2023-12-12 10:04:30.0502
NULL;NULL;NULL;NULL;NULL;anonymous;End Goblin Turn;34826;NULL;NULL;NULL;NULL;NULL;NULL;NULL;3eceecb1-84e4-48dd-bb5e-6841f9e467ac;NULL;NULL;2023-12-12 10:04:30.1987
NULL;NULL;NULL;NULL;NULL;anonymous;Start Player Turn;34827;NULL;NULL;NULL;17;NULL;NULL;TRUE;3eceecb1-84e4-48dd-bb5e-6841f9e467ac;NULL;NULL;2023-12-12 10:04:30.2179
NULL;NULL;NULL;NULL;NULL;anonymous;Player Moving;34960;NULL;NULL;NULL;NULL;NULL;NULL;NULL;3eceecb1-84e4-48dd-bb5e-6841f9e467ac;NULL;NULL;2023-12-12 10:04:32.7956
NULL;NULL;NULL;NULL;NULL;anonymous;End Player Turn;35308;NULL;NULL;NULL;17;NULL;NULL;FALSE;3eceecb1-84e4-48dd-bb5e-6841f9e467ac;NULL;NULL;2023-12-12 10:04:35.8183
NULL;NULL;NULL;NULL;NULL;anonymous;Start Goblin Turn;35309;NULL;NULL;NULL;17;NULL;NULL;FALSE;3eceecb1-84e4-48dd-bb5e-6841f9e467ac;NULL;NULL;2023-12-12 10:04:35.8279
NULL;NULL;NULL;NULL;NULL;anonymous;Start Goblin Turn;35311;NULL;NULL;NULL;17;NULL;NULL;FALSE;3eceecb1-84e4-48dd-bb5e-6841f9e467ac;NULL;NULL;2023-12-12 10:04:35.8443
NULL;NULL;NULL;NULL;NULL;anonymous;Start Goblin Turn;35429;NULL;NULL;NULL;17;NULL;NULL;FALSE;3eceecb1-84e4-48dd-bb5e-6841f9e467ac;NULL;NULL;2023-12-12 10:04:36.8681
NULL;NULL;NULL;NULL;NULL;anonymous;End Goblin Turn;35540;NULL;NULL;NULL;NULL;NULL;NULL;NULL;3eceecb1-84e4-48dd-bb5e-6841f9e467ac;NULL;NULL;2023-12-12 10:04:37.8429
NULL;NULL;NULL;NULL;NULL;anonymous;Start Player Turn;35541;NULL;NULL;NULL;18;NULL;NULL;TRUE;3eceecb1-84e4-48dd-bb5e-6841f9e467ac;NULL;NULL;2023-12-12 10:04:37.8502
NULL;NULL;NULL;NULL;NULL;anonymous;Player Moving;35579;NULL;NULL;NULL;NULL;NULL;NULL;NULL;3eceecb1-84e4-48dd-bb5e-6841f9e467ac;NULL;NULL;2023-12-12 10:04:38.6132
NULL;NULL;NULL;NULL;NULL;anonymous;End Player Turn;35951;NULL;NULL;NULL;18;NULL;NULL;FALSE;3eceecb1-84e4-48dd-bb5e-6841f9e467ac;NULL;NULL;2023-12-12 10:04:41.8918
NULL;NULL;NULL;NULL;NULL;anonymous;Start Goblin Turn;35952;NULL;NULL;NULL;18;NULL;NULL;FALSE;3eceecb1-84e4-48dd-bb5e-6841f9e467ac;NULL;NULL;2023-12-12 10:04:41.9003
NULL;NULL;NULL;NULL;NULL;anonymous;Start Goblin Turn;35954;NULL;NULL;NULL;18;NULL;NULL;FALSE;3eceecb1-84e4-48dd-bb5e-6841f9e467ac;NULL;NULL;2023-12-12 10:04:41.9183
NULL;NULL;NULL;NULL;NULL;anonymous;Start Goblin Turn;36037;NULL;NULL;NULL;18;NULL;NULL;FALSE;3eceecb1-84e4-48dd-bb5e-6841f9e467ac;NULL;NULL;2023-12-12 10:04:42.6404
NULL;NULL;NULL;NULL;NULL;anonymous;End Goblin Turn;36112;NULL;NULL;NULL;NULL;NULL;NULL;NULL;3eceecb1-84e4-48dd-bb5e-6841f9e467ac;NULL;NULL;2023-12-12 10:04:43.3389
NULL;NULL;NULL;NULL;NULL;anonymous;Start Player Turn;36113;NULL;NULL;NULL;19;NULL;NULL;TRUE;3eceecb1-84e4-48dd-bb5e-6841f9e467ac;NULL;NULL;2023-12-12 10:04:43.3467
NULL;NULL;0.6865;ReceivingData;NULL;anonymous;MotorImagery;36122;NULL;NULL;31;NULL;NULL;NULL;NULL;3eceecb1-84e4-48dd-bb5e-6841f9e467ac;NULL;NULL;2023-12-12 10:04:43.5180
NULL;NULL;NULL;NULL;(0.695 0.705 0.724 0.708 0.703 0.685 0.686 0.669 );anonymous;NULL;36122;NULL;NULL;NULL;NULL;NULL;NULL;NULL;3eceecb1-84e4-48dd-bb5e-6841f9e467ac;NULL;NULL;2023-12-12 10:04:43.5180
NULL;NULL;0.6058;ReceivingData;NULL;anonymous;Rest;36143;NULL;NULL;31;NULL;NULL;NULL;NULL;3eceecb1-84e4-48dd-bb5e-6841f9e467ac;NULL;NULL;2023-12-12 10:04:43.9513
NULL;NULL;NULL;NULL;(0.662 0.644 0.606 0.708 0.703 0.685 0.686 0.666 );anonymous;NULL;36143;NULL;NULL;NULL;NULL;NULL;NULL;NULL;3eceecb1-84e4-48dd-bb5e-6841f9e467ac;NULL;NULL;2023-12-12 10:04:43.9513
NULL;NULL;NULL;NULL;NULL;anonymous;Player Moving;36157;NULL;NULL;NULL;NULL;NULL;NULL;NULL;3eceecb1-84e4-48dd-bb5e-6841f9e467ac;NULL;NULL;2023-12-12 10:04:44.2668
NULL;NULL;NULL;NULL;NULL;anonymous;End Player Turn;36549;NULL;NULL;NULL;19;NULL;NULL;FALSE;3eceecb1-84e4-48dd-bb5e-6841f9e467ac;NULL;NULL;2023-12-12 10:04:47.7064
NULL;NULL;NULL;NULL;NULL;anonymous;Start Goblin Turn;36550;NULL;NULL;NULL;19;NULL;NULL;FALSE;3eceecb1-84e4-48dd-bb5e-6841f9e467ac;NULL;NULL;2023-12-12 10:04:47.7140
NULL;NULL;NULL;NULL;NULL;anonymous;Start Goblin Turn;36552;NULL;NULL;NULL;19;NULL;NULL;FALSE;3eceecb1-84e4-48dd-bb5e-6841f9e467ac;NULL;NULL;2023-12-12 10:04:47.7286
NULL;NULL;NULL;NULL;NULL;anonymous;Start Goblin Turn;36602;NULL;NULL;NULL;19;NULL;NULL;FALSE;3eceecb1-84e4-48dd-bb5e-6841f9e467ac;NULL;NULL;2023-12-12 10:04:48.1675
NULL;NULL;NULL;NULL;NULL;anonymous;End Goblin Turn;36752;NULL;NULL;NULL;NULL;NULL;NULL;NULL;3eceecb1-84e4-48dd-bb5e-6841f9e467ac;NULL;NULL;2023-12-12 10:04:49.4136
NULL;NULL;NULL;NULL;NULL;anonymous;Start Player Turn;36753;NULL;NULL;NULL;20;NULL;NULL;TRUE;3eceecb1-84e4-48dd-bb5e-6841f9e467ac;NULL;NULL;2023-12-12 10:04:49.4211
NULL;NULL;NULL;NULL;NULL;anonymous;Player Moving;36807;NULL;NULL;NULL;NULL;NULL;NULL;NULL;3eceecb1-84e4-48dd-bb5e-6841f9e467ac;NULL;NULL;2023-12-12 10:04:50.4956
NULL;NULL;0.6535;ReceivingData;NULL;anonymous;MotorImagery;36879;NULL;NULL;32;NULL;NULL;NULL;NULL;3eceecb1-84e4-48dd-bb5e-6841f9e467ac;NULL;NULL;2023-12-12 10:04:51.1057
NULL;NULL;NULL;NULL;(0.660 0.663 0.659 0.653 0.651 0.657 0.674 0.672 );anonymous;NULL;36879;NULL;NULL;NULL;NULL;NULL;NULL;NULL;3eceecb1-84e4-48dd-bb5e-6841f9e467ac;NULL;NULL;2023-12-12 10:04:51.1057
NULL;NULL;0.6364;ReceivingData;NULL;anonymous;Rest;36882;NULL;NULL;32;NULL;NULL;NULL;NULL;3eceecb1-84e4-48dd-bb5e-6841f9e467ac;NULL;NULL;2023-12-12 10:04:51.1314
NULL;NULL;NULL;NULL;(0.660 0.663 0.659 0.653 0.660 0.642 0.636 0.672 );anonymous;NULL;36882;NULL;NULL;NULL;NULL;NULL;NULL;NULL;3eceecb1-84e4-48dd-bb5e-6841f9e467ac;NULL;NULL;2023-12-12 10:04:51.1314
NULL;NULL;NULL;NULL;NULL;anonymous;End Player Turn;37236;NULL;NULL;NULL;20;NULL;NULL;FALSE;3eceecb1-84e4-48dd-bb5e-6841f9e467ac;NULL;NULL;2023-12-12 10:04:54.0909
NULL;NULL;NULL;NULL;NULL;anonymous;Start Goblin Turn;37237;NULL;NULL;NULL;20;NULL;NULL;FALSE;3eceecb1-84e4-48dd-bb5e-6841f9e467ac;NULL;NULL;2023-12-12 10:04:54.1012
NULL;NULL;NULL;NULL;NULL;anonymous;Start Goblin Turn;37239;NULL;NULL;NULL;20;NULL;NULL;FALSE;3eceecb1-84e4-48dd-bb5e-6841f9e467ac;NULL;NULL;2023-12-12 10:04:54.1172
NULL;NULL;NULL;NULL;NULL;anonymous;Start Goblin Turn;37307;NULL;NULL;NULL;20;NULL;NULL;FALSE;3eceecb1-84e4-48dd-bb5e-6841f9e467ac;NULL;NULL;2023-12-12 10:04:54.6961
NULL;NULL;NULL;NULL;NULL;anonymous;End Goblin Turn;37355;NULL;NULL;NULL;NULL;NULL;NULL;NULL;3eceecb1-84e4-48dd-bb5e-6841f9e467ac;NULL;NULL;2023-12-12 10:04:55.1027
NULL;NULL;NULL;NULL;NULL;anonymous;Start Player Turn;37356;NULL;NULL;NULL;21;NULL;NULL;TRUE;3eceecb1-84e4-48dd-bb5e-6841f9e467ac;NULL;NULL;2023-12-12 10:04:55.1107
NULL;NULL;0.6724;ReceivingData;NULL;anonymous;MotorImagery;37398;NULL;NULL;33;NULL;NULL;NULL;NULL;3eceecb1-84e4-48dd-bb5e-6841f9e467ac;NULL;NULL;2023-12-12 10:04:55.9304
NULL;NULL;NULL;NULL;(0.697 0.684 0.672 0.648 0.686 0.685 0.706 0.716 );anonymous;NULL;37398;NULL;NULL;NULL;NULL;NULL;NULL;NULL;3eceecb1-84e4-48dd-bb5e-6841f9e467ac;NULL;NULL;2023-12-12 10:04:55.9304
NULL;NULL;0.6341;ReceivingData;NULL;anonymous;Rest;37399;NULL;NULL;33;NULL;NULL;NULL;NULL;3eceecb1-84e4-48dd-bb5e-6841f9e467ac;NULL;NULL;2023-12-12 10:04:55.9509
NULL;NULL;NULL;NULL;(0.697 0.684 0.672 0.634 0.686 0.685 0.706 0.716 );anonymous;NULL;37399;NULL;NULL;NULL;NULL;NULL;NULL;NULL;3eceecb1-84e4-48dd-bb5e-6841f9e467ac;NULL;NULL;2023-12-12 10:04:55.9509
5;NULL;NULL;NULL;NULL;anonymous;Player Attacking;37449;NULL;NULL;NULL;NULL;NULL;NULL;NULL;3eceecb1-84e4-48dd-bb5e-6841f9e467ac;NULL;NULL;2023-12-12 10:04:56.9281
NULL;NULL;NULL;NULL;NULL;anonymous;Start Goblin Turn;37576;NULL;NULL;NULL;21;NULL;NULL;FALSE;3eceecb1-84e4-48dd-bb5e-6841f9e467ac;NULL;NULL;2023-12-12 10:04:59.3385
NULL;NULL;NULL;NULL;NULL;anonymous;Start Goblin Turn;37578;NULL;NULL;NULL;21;NULL;NULL;FALSE;3eceecb1-84e4-48dd-bb5e-6841f9e467ac;NULL;NULL;2023-12-12 10:04:59.3532
NULL;NULL;NULL;NULL;NULL;anonymous;Start Goblin Turn;37715;NULL;NULL;NULL;21;NULL;NULL;FALSE;3eceecb1-84e4-48dd-bb5e-6841f9e467ac;NULL;NULL;2023-12-12 10:05:00.5113
NULL;NULL;NULL;NULL;NULL;anonymous;End Goblin Turn;37761;NULL;NULL;NULL;NULL;NULL;NULL;NULL;3eceecb1-84e4-48dd-bb5e-6841f9e467ac;NULL;NULL;2023-12-12 10:05:00.9039
NULL;NULL;NULL;NULL;NULL;anonymous;Player Hurt;37761;NULL;NULL;NULL;NULL;13.0000;0.0000;NULL;3eceecb1-84e4-48dd-bb5e-6841f9e467ac;NULL;7;2023-12-12 10:05:00.9039
NULL;NULL;NULL;NULL;NULL;anonymous;Start Player Turn;37762;NULL;NULL;NULL;22;NULL;NULL;TRUE;3eceecb1-84e4-48dd-bb5e-6841f9e467ac;NULL;NULL;2023-12-12 10:05:00.9217
NULL;8;NULL;NULL;NULL;anonymous;BciFail;39390;NULL;NULL;NULL;NULL;NULL;NULL;NULL;3eceecb1-84e4-48dd-bb5e-6841f9e467ac;FALSE;NULL;2023-12-12 10:05:17.1805
NULL;NULL;0.6932;ReceivingData;NULL;anonymous;MotorImagery;39529;NULL;NULL;34;NULL;NULL;NULL;NULL;3eceecb1-84e4-48dd-bb5e-6841f9e467ac;NULL;NULL;2023-12-12 10:05:19.4435
NULL;NULL;NULL;NULL;(0.676 0.719 0.721 0.742 0.720 0.693 0.648 0.657 );anonymous;NULL;39529;NULL;NULL;NULL;NULL;NULL;NULL;NULL;3eceecb1-84e4-48dd-bb5e-6841f9e467ac;NULL;NULL;2023-12-12 10:05:19.4435
NULL;NULL;0.6317;ReceivingData;NULL;anonymous;Rest;39530;NULL;NULL;34;NULL;NULL;NULL;NULL;3eceecb1-84e4-48dd-bb5e-6841f9e467ac;NULL;NULL;2023-12-12 10:05:19.4511
NULL;NULL;NULL;NULL;(0.676 0.719 0.721 0.742 0.720 0.693 0.632 0.657 );anonymous;NULL;39530;NULL;NULL;NULL;NULL;NULL;NULL;NULL;3eceecb1-84e4-48dd-bb5e-6841f9e467ac;NULL;NULL;2023-12-12 10:05:19.4511
NULL;9;NULL;NULL;NULL;anonymous;BciFail;40843;NULL;NULL;NULL;NULL;NULL;NULL;NULL;3eceecb1-84e4-48dd-bb5e-6841f9e467ac;FALSE;NULL;2023-12-12 10:05:30.1342
NULL;NULL;0.6905;ReceivingData;NULL;anonymous;MotorImagery;41459;NULL;NULL;35;NULL;NULL;NULL;NULL;3eceecb1-84e4-48dd-bb5e-6841f9e467ac;NULL;NULL;2023-12-12 10:05:36.2489
NULL;NULL;NULL;NULL;(0.685 0.713 0.710 0.682 0.671 0.693 0.691 0.645 );anonymous;NULL;41459;NULL;NULL;NULL;NULL;NULL;NULL;NULL;3eceecb1-84e4-48dd-bb5e-6841f9e467ac;NULL;NULL;2023-12-12 10:05:36.2489
NULL;NULL;NULL;NULL;NULL;anonymous;RegenMana;41459;NULL;NULL;NULL;NULL;13.0000;0.0000;NULL;3eceecb1-84e4-48dd-bb5e-6841f9e467ac;NULL;7;2023-12-12 10:05:36.2489
NULL;10;NULL;NULL;NULL;anonymous;BciSuccess;41459;NULL;NULL;NULL;NULL;NULL;NULL;NULL;3eceecb1-84e4-48dd-bb5e-6841f9e467ac;TRUE;NULL;2023-12-12 10:05:36.2489
NULL;NULL;0.6181;ReceivingData;NULL;anonymous;Rest;41508;NULL;NULL;35;NULL;NULL;NULL;NULL;3eceecb1-84e4-48dd-bb5e-6841f9e467ac;NULL;NULL;2023-12-12 10:05:37.1928
NULL;NULL;NULL;NULL;(0.652 0.618 0.793 0.769 0.741 0.712 0.673 0.689 );anonymous;NULL;41508;NULL;NULL;NULL;NULL;NULL;NULL;NULL;3eceecb1-84e4-48dd-bb5e-6841f9e467ac;NULL;NULL;2023-12-12 10:05:37.1928
NULL;NULL;NULL;NULL;NULL;anonymous;Start Goblin Turn;41539;NULL;NULL;NULL;22;NULL;NULL;FALSE;3eceecb1-84e4-48dd-bb5e-6841f9e467ac;NULL;NULL;2023-12-12 10:05:37.7614
NULL;NULL;NULL;NULL;NULL;anonymous;Start Goblin Turn;41541;NULL;NULL;NULL;22;NULL;NULL;FALSE;3eceecb1-84e4-48dd-bb5e-6841f9e467ac;NULL;NULL;2023-12-12 10:05:37.7777
NULL;NULL;NULL;NULL;NULL;anonymous;Start Goblin Turn;41627;NULL;NULL;NULL;22;NULL;NULL;FALSE;3eceecb1-84e4-48dd-bb5e-6841f9e467ac;NULL;NULL;2023-12-12 10:05:38.4996
NULL;NULL;NULL;NULL;NULL;anonymous;End Goblin Turn;41628;NULL;NULL;NULL;NULL;NULL;NULL;NULL;3eceecb1-84e4-48dd-bb5e-6841f9e467ac;NULL;NULL;2023-12-12 10:05:38.5177
NULL;NULL;NULL;NULL;NULL;anonymous;Player Hurt;41628;NULL;NULL;NULL;NULL;12.0000;1.0000;NULL;3eceecb1-84e4-48dd-bb5e-6841f9e467ac;NULL;8;2023-12-12 10:05:38.5187
NULL;NULL;NULL;NULL;NULL;anonymous;Start Player Turn;41629;NULL;NULL;NULL;23;NULL;NULL;TRUE;3eceecb1-84e4-48dd-bb5e-6841f9e467ac;NULL;NULL;2023-12-12 10:05:38.5435
6;NULL;NULL;NULL;NULL;anonymous;Player Attacking;41744;NULL;NULL;NULL;NULL;NULL;NULL;NULL;3eceecb1-84e4-48dd-bb5e-6841f9e467ac;NULL;NULL;2023-12-12 10:05:40.7631
NULL;NULL;NULL;NULL;NULL;anonymous;Goblin Death;41786;NULL;Goblin 2 Variant (5);NULL;NULL;NULL;NULL;NULL;3eceecb1-84e4-48dd-bb5e-6841f9e467ac;NULL;NULL;2023-12-12 10:05:41.5641
NULL;NULL;NULL;NULL;NULL;anonymous;Start Goblin Turn;41843;NULL;NULL;NULL;23;NULL;NULL;FALSE;3eceecb1-84e4-48dd-bb5e-6841f9e467ac;NULL;NULL;2023-12-12 10:05:42.5827
NULL;NULL;NULL;NULL;NULL;anonymous;Start Goblin Turn;41845;NULL;NULL;NULL;23;NULL;NULL;FALSE;3eceecb1-84e4-48dd-bb5e-6841f9e467ac;NULL;NULL;2023-12-12 10:05:42.5972
NULL;NULL;0.7731;ReceivingData;NULL;anonymous;MotorImagery;41887;NULL;NULL;36;NULL;NULL;NULL;NULL;3eceecb1-84e4-48dd-bb5e-6841f9e467ac;NULL;NULL;2023-12-12 10:05:42.9424
NULL;NULL;NULL;NULL;(0.773 0.688 0.709 0.777 0.756 0.754 0.727 0.742 );anonymous;NULL;41887;NULL;NULL;NULL;NULL;NULL;NULL;NULL;3eceecb1-84e4-48dd-bb5e-6841f9e467ac;NULL;NULL;2023-12-12 10:05:42.9424
NULL;NULL;NULL;NULL;NULL;anonymous;End Goblin Turn;41900;NULL;NULL;NULL;NULL;NULL;NULL;NULL;3eceecb1-84e4-48dd-bb5e-6841f9e467ac;NULL;NULL;2023-12-12 10:05:43.0481
NULL;NULL;NULL;NULL;NULL;anonymous;Start Player Turn;41901;NULL;NULL;NULL;24;NULL;NULL;TRUE;3eceecb1-84e4-48dd-bb5e-6841f9e467ac;NULL;NULL;2023-12-12 10:05:43.0652
NULL;NULL;0.6211;ReceivingData;NULL;anonymous;Rest;41921;NULL;NULL;36;NULL;NULL;NULL;NULL;3eceecb1-84e4-48dd-bb5e-6841f9e467ac;NULL;NULL;2023-12-12 10:05:43.4265
NULL;NULL;NULL;NULL;(0.667 0.621 0.815 0.824 0.754 0.696 0.697 0.667 );anonymous;NULL;41921;NULL;NULL;NULL;NULL;NULL;NULL;NULL;3eceecb1-84e4-48dd-bb5e-6841f9e467ac;NULL;NULL;2023-12-12 10:05:43.4265
NULL;11;NULL;NULL;NULL;anonymous;BciFail;43337;NULL;NULL;NULL;NULL;NULL;NULL;NULL;3eceecb1-84e4-48dd-bb5e-6841f9e467ac;FALSE;NULL;2023-12-12 10:05:55.5918
NULL;NULL;0.7730;ReceivingData;NULL;anonymous;MotorImagery;43361;NULL;NULL;37;NULL;NULL;NULL;NULL;3eceecb1-84e4-48dd-bb5e-6841f9e467ac;NULL;NULL;2023-12-12 10:05:56.0304
NULL;NULL;NULL;NULL;(0.773 0.757 0.746 0.760 0.750 0.758 0.758 0.757 );anonymous;NULL;43361;NULL;NULL;NULL;NULL;NULL;NULL;NULL;3eceecb1-84e4-48dd-bb5e-6841f9e467ac;NULL;NULL;2023-12-12 10:05:56.0304
NULL;NULL;0.6126;ReceivingData;NULL;anonymous;Rest;43409;NULL;NULL;37;NULL;NULL;NULL;NULL;3eceecb1-84e4-48dd-bb5e-6841f9e467ac;NULL;NULL;2023-12-12 10:05:56.9105
NULL;NULL;NULL;NULL;(0.670 0.654 0.641 0.613 0.706 0.699 0.678 0.679 );anonymous;NULL;43409;NULL;NULL;NULL;NULL;NULL;NULL;NULL;3eceecb1-84e4-48dd-bb5e-6841f9e467ac;NULL;NULL;2023-12-12 10:05:56.9105
NULL;NULL;0.7068;ReceivingData;NULL;anonymous;MotorImagery;44745;NULL;NULL;38;NULL;NULL;NULL;NULL;3eceecb1-84e4-48dd-bb5e-6841f9e467ac;NULL;NULL;2023-12-12 10:06:07.9231
NULL;NULL;NULL;NULL;(0.702 0.685 0.703 0.733 0.710 0.707 0.673 0.690 );anonymous;NULL;44745;NULL;NULL;NULL;NULL;NULL;NULL;NULL;3eceecb1-84e4-48dd-bb5e-6841f9e467ac;NULL;NULL;2023-12-12 10:06:07.9231
NULL;NULL;NULL;NULL;NULL;anonymous;RegenMana;44745;NULL;NULL;NULL;NULL;12.0000;0.0000;NULL;3eceecb1-84e4-48dd-bb5e-6841f9e467ac;NULL;8;2023-12-12 10:06:07.9231
NULL;12;NULL;NULL;NULL;anonymous;BciSuccess;44745;NULL;NULL;NULL;NULL;NULL;NULL;NULL;3eceecb1-84e4-48dd-bb5e-6841f9e467ac;TRUE;NULL;2023-12-12 10:06:07.9231
NULL;NULL;0.6302;ReceivingData;NULL;anonymous;Rest;44773;NULL;NULL;38;NULL;NULL;NULL;NULL;3eceecb1-84e4-48dd-bb5e-6841f9e467ac;NULL;NULL;2023-12-12 10:06:08.4562
NULL;NULL;NULL;NULL;(0.694 0.690 0.672 0.688 0.676 0.681 0.678 0.630 );anonymous;NULL;44773;NULL;NULL;NULL;NULL;NULL;NULL;NULL;3eceecb1-84e4-48dd-bb5e-6841f9e467ac;NULL;NULL;2023-12-12 10:06:08.4562
NULL;NULL;NULL;NULL;NULL;anonymous;Start Goblin Turn;44826;NULL;NULL;NULL;24;NULL;NULL;FALSE;3eceecb1-84e4-48dd-bb5e-6841f9e467ac;NULL;NULL;2023-12-12 10:06:09.4385
NULL;NULL;NULL;NULL;NULL;anonymous;Start Goblin Turn;44828;NULL;NULL;NULL;24;NULL;NULL;FALSE;3eceecb1-84e4-48dd-bb5e-6841f9e467ac;NULL;NULL;2023-12-12 10:06:09.4527
NULL;NULL;NULL;NULL;NULL;anonymous;End Goblin Turn;44881;NULL;NULL;NULL;NULL;NULL;NULL;NULL;3eceecb1-84e4-48dd-bb5e-6841f9e467ac;NULL;NULL;2023-12-12 10:06:09.8875
NULL;NULL;NULL;NULL;NULL;anonymous;Start Player Turn;44882;NULL;NULL;NULL;25;NULL;NULL;TRUE;3eceecb1-84e4-48dd-bb5e-6841f9e467ac;NULL;NULL;2023-12-12 10:06:09.9052
NULL;NULL;NULL;NULL;NULL;anonymous;Player Moving;44923;NULL;NULL;NULL;NULL;NULL;NULL;NULL;3eceecb1-84e4-48dd-bb5e-6841f9e467ac;NULL;NULL;2023-12-12 10:06:10.6707
NULL;NULL;NULL;NULL;NULL;anonymous;End Player Turn;45345;NULL;NULL;NULL;25;NULL;NULL;FALSE;3eceecb1-84e4-48dd-bb5e-6841f9e467ac;NULL;NULL;2023-12-12 10:06:14.1754
NULL;NULL;NULL;NULL;NULL;anonymous;Start Goblin Turn;45346;NULL;NULL;NULL;25;NULL;NULL;FALSE;3eceecb1-84e4-48dd-bb5e-6841f9e467ac;NULL;NULL;2023-12-12 10:06:14.1825
NULL;NULL;NULL;NULL;NULL;anonymous;Start Goblin Turn;45348;NULL;NULL;NULL;25;NULL;NULL;FALSE;3eceecb1-84e4-48dd-bb5e-6841f9e467ac;NULL;NULL;2023-12-12 10:06:14.1986
NULL;NULL;0.6875;ReceivingData;NULL;anonymous;MotorImagery;45402;NULL;NULL;39;NULL;NULL;NULL;NULL;3eceecb1-84e4-48dd-bb5e-6841f9e467ac;NULL;NULL;2023-12-12 10:06:14.6425
NULL;NULL;NULL;NULL;(0.651 0.669 0.687 0.644 0.673 0.689 0.679 0.704 );anonymous;NULL;45402;NULL;NULL;NULL;NULL;NULL;NULL;NULL;3eceecb1-84e4-48dd-bb5e-6841f9e467ac;NULL;NULL;2023-12-12 10:06:14.6425
NULL;NULL;0.6355;ReceivingData;NULL;anonymous;Rest;45464;NULL;NULL;39;NULL;NULL;NULL;NULL;3eceecb1-84e4-48dd-bb5e-6841f9e467ac;NULL;NULL;2023-12-12 10:06:15.1502
NULL;NULL;NULL;NULL;(0.725 0.714 0.691 0.691 0.646 0.641 0.647 0.636 );anonymous;NULL;45464;NULL;NULL;NULL;NULL;NULL;NULL;NULL;3eceecb1-84e4-48dd-bb5e-6841f9e467ac;NULL;NULL;2023-12-12 10:06:15.1502
NULL;NULL;NULL;NULL;NULL;anonymous;End Goblin Turn;45474;NULL;NULL;NULL;NULL;NULL;NULL;NULL;3eceecb1-84e4-48dd-bb5e-6841f9e467ac;NULL;NULL;2023-12-12 10:06:15.2302
NULL;NULL;NULL;NULL;NULL;anonymous;Start Player Turn;45475;NULL;NULL;NULL;26;NULL;NULL;TRUE;3eceecb1-84e4-48dd-bb5e-6841f9e467ac;NULL;NULL;2023-12-12 10:06:15.2372
NULL;NULL;NULL;NULL;NULL;anonymous;Player Moving;45525;NULL;NULL;NULL;NULL;NULL;NULL;NULL;3eceecb1-84e4-48dd-bb5e-6841f9e467ac;NULL;NULL;2023-12-12 10:06:16.2011
NULL;NULL;NULL;NULL;NULL;anonymous;End Player Turn;45940;NULL;NULL;NULL;26;NULL;NULL;FALSE;3eceecb1-84e4-48dd-bb5e-6841f9e467ac;NULL;NULL;2023-12-12 10:06:19.6057
NULL;NULL;NULL;NULL;NULL;anonymous;Start Goblin Turn;45941;NULL;NULL;NULL;26;NULL;NULL;FALSE;3eceecb1-84e4-48dd-bb5e-6841f9e467ac;NULL;NULL;2023-12-12 10:06:19.6133
NULL;NULL;NULL;NULL;NULL;anonymous;Start Goblin Turn;45943;NULL;NULL;NULL;26;NULL;NULL;FALSE;3eceecb1-84e4-48dd-bb5e-6841f9e467ac;NULL;NULL;2023-12-12 10:06:19.6312
NULL;NULL;NULL;NULL;NULL;anonymous;End Goblin Turn;46030;NULL;NULL;NULL;NULL;NULL;NULL;NULL;3eceecb1-84e4-48dd-bb5e-6841f9e467ac;NULL;NULL;2023-12-12 10:06:20.3642
NULL;NULL;NULL;NULL;NULL;anonymous;Start Player Turn;46031;NULL;NULL;NULL;27;NULL;NULL;TRUE;3eceecb1-84e4-48dd-bb5e-6841f9e467ac;NULL;NULL;2023-12-12 10:06:20.3725
NULL;NULL;0.6598;ReceivingData;NULL;anonymous;MotorImagery;46136;NULL;NULL;40;NULL;NULL;NULL;NULL;3eceecb1-84e4-48dd-bb5e-6841f9e467ac;NULL;NULL;2023-12-12 10:06:22.4047
NULL;NULL;NULL;NULL;(0.660 0.641 0.667 0.664 0.664 0.677 0.665 0.652 );anonymous;NULL;46136;NULL;NULL;NULL;NULL;NULL;NULL;NULL;3eceecb1-84e4-48dd-bb5e-6841f9e467ac;NULL;NULL;2023-12-12 10:06:22.4047
NULL;NULL;NULL;NULL;NULL;anonymous;Player Moving;46157;NULL;NULL;NULL;NULL;NULL;NULL;NULL;3eceecb1-84e4-48dd-bb5e-6841f9e467ac;NULL;NULL;2023-12-12 10:06:22.8201
NULL;NULL;0.6341;ReceivingData;NULL;anonymous;Rest;46213;NULL;NULL;40;NULL;NULL;NULL;NULL;3eceecb1-84e4-48dd-bb5e-6841f9e467ac;NULL;NULL;2023-12-12 10:06:23.2808
NULL;NULL;NULL;NULL;(0.669 0.682 0.670 0.634 0.742 0.743 0.721 0.680 );anonymous;NULL;46213;NULL;NULL;NULL;NULL;NULL;NULL;NULL;3eceecb1-84e4-48dd-bb5e-6841f9e467ac;NULL;NULL;2023-12-12 10:06:23.2808
NULL;NULL;NULL;NULL;NULL;anonymous;End Player Turn;46487;NULL;NULL;NULL;27;NULL;NULL;FALSE;3eceecb1-84e4-48dd-bb5e-6841f9e467ac;NULL;NULL;2023-12-12 10:06:25.5116
NULL;NULL;NULL;NULL;NULL;anonymous;Start Goblin Turn;46488;NULL;NULL;NULL;27;NULL;NULL;FALSE;3eceecb1-84e4-48dd-bb5e-6841f9e467ac;NULL;NULL;2023-12-12 10:06:25.5192
NULL;NULL;NULL;NULL;NULL;anonymous;Start Goblin Turn;46490;NULL;NULL;NULL;27;NULL;NULL;FALSE;3eceecb1-84e4-48dd-bb5e-6841f9e467ac;NULL;NULL;2023-12-12 10:06:25.5340
NULL;NULL;NULL;NULL;NULL;anonymous;Player Hurt;46559;NULL;NULL;NULL;NULL;11.0000;1.0000;NULL;3eceecb1-84e4-48dd-bb5e-6841f9e467ac;NULL;9;2023-12-12 10:06:26.1052
NULL;NULL;NULL;NULL;NULL;anonymous;End Goblin Turn;46563;NULL;NULL;NULL;NULL;NULL;NULL;NULL;3eceecb1-84e4-48dd-bb5e-6841f9e467ac;NULL;NULL;2023-12-12 10:06:26.1355
NULL;NULL;NULL;NULL;NULL;anonymous;Start Player Turn;46564;NULL;NULL;NULL;28;NULL;NULL;TRUE;3eceecb1-84e4-48dd-bb5e-6841f9e467ac;NULL;NULL;2023-12-12 10:06:26.1432
7;NULL;NULL;NULL;NULL;anonymous;Player Attacking;46653;NULL;NULL;NULL;NULL;NULL;NULL;NULL;3eceecb1-84e4-48dd-bb5e-6841f9e467ac;NULL;NULL;2023-12-12 10:06:27.8226
NULL;NULL;NULL;NULL;NULL;anonymous;Goblin Death;46697;NULL;Goblin 2 Variant (2);NULL;NULL;NULL;NULL;NULL;3eceecb1-84e4-48dd-bb5e-6841f9e467ac;NULL;NULL;2023-12-12 10:06:28.6204
NULL;NULL;NULL;NULL;NULL;anonymous;Start Goblin Turn;46755;NULL;NULL;NULL;28;NULL;NULL;FALSE;3eceecb1-84e4-48dd-bb5e-6841f9e467ac;NULL;NULL;2023-12-12 10:06:29.6408
NULL;NULL;NULL;NULL;NULL;anonymous;End Goblin Turn;46761;NULL;NULL;NULL;NULL;NULL;NULL;NULL;3eceecb1-84e4-48dd-bb5e-6841f9e467ac;NULL;NULL;2023-12-12 10:06:29.6857
NULL;NULL;NULL;NULL;NULL;anonymous;Start Player Turn;46762;NULL;NULL;NULL;29;NULL;NULL;TRUE;3eceecb1-84e4-48dd-bb5e-6841f9e467ac;NULL;NULL;2023-12-12 10:06:29.7013
NULL;NULL;0.8199;ReceivingData;NULL;anonymous;MotorImagery;48214;NULL;NULL;41;NULL;NULL;NULL;NULL;3eceecb1-84e4-48dd-bb5e-6841f9e467ac;NULL;NULL;2023-12-12 10:06:41.5466
NULL;NULL;NULL;NULL;(0.726 0.736 0.774 0.807 0.817 0.811 0.820 0.645 );anonymous;NULL;48214;NULL;NULL;NULL;NULL;NULL;NULL;NULL;3eceecb1-84e4-48dd-bb5e-6841f9e467ac;NULL;NULL;2023-12-12 10:06:41.5466
NULL;NULL;NULL;NULL;NULL;anonymous;RegenMana;48214;NULL;NULL;NULL;NULL;11.0000;0.0000;NULL;3eceecb1-84e4-48dd-bb5e-6841f9e467ac;NULL;9;2023-12-12 10:06:41.5466
NULL;13;NULL;NULL;NULL;anonymous;BciSuccess;48214;NULL;NULL;NULL;NULL;NULL;NULL;NULL;3eceecb1-84e4-48dd-bb5e-6841f9e467ac;TRUE;NULL;2023-12-12 10:06:41.5476
NULL;NULL;0.6186;ReceivingData;NULL;anonymous;Rest;48266;NULL;NULL;41;NULL;NULL;NULL;NULL;3eceecb1-84e4-48dd-bb5e-6841f9e467ac;NULL;NULL;2023-12-12 10:06:42.5317
NULL;NULL;NULL;NULL;(0.783 0.772 0.753 0.727 0.672 0.619 0.804 0.785 );anonymous;NULL;48266;NULL;NULL;NULL;NULL;NULL;NULL;NULL;3eceecb1-84e4-48dd-bb5e-6841f9e467ac;NULL;NULL;2023-12-12 10:06:42.5317
NULL;NULL;NULL;NULL;NULL;anonymous;Start Goblin Turn;48296;NULL;NULL;NULL;29;NULL;NULL;FALSE;3eceecb1-84e4-48dd-bb5e-6841f9e467ac;NULL;NULL;2023-12-12 10:06:43.0725
NULL;NULL;NULL;NULL;NULL;anonymous;End Goblin Turn;48302;NULL;NULL;NULL;NULL;NULL;NULL;NULL;3eceecb1-84e4-48dd-bb5e-6841f9e467ac;NULL;NULL;2023-12-12 10:06:43.1164
NULL;NULL;NULL;NULL;NULL;anonymous;Start Player Turn;48303;NULL;NULL;NULL;30;NULL;NULL;TRUE;3eceecb1-84e4-48dd-bb5e-6841f9e467ac;NULL;NULL;2023-12-12 10:06:43.1357
NULL;NULL;NULL;NULL;NULL;anonymous;Player Moving;48356;NULL;NULL;NULL;NULL;NULL;NULL;NULL;3eceecb1-84e4-48dd-bb5e-6841f9e467ac;NULL;NULL;2023-12-12 10:06:44.1289
NULL;NULL;NULL;NULL;NULL;anonymous;End Player Turn;48743;NULL;NULL;NULL;30;NULL;NULL;FALSE;3eceecb1-84e4-48dd-bb5e-6841f9e467ac;NULL;NULL;2023-12-12 10:06:47.2465
NULL;NULL;NULL;NULL;NULL;anonymous;Start Goblin Turn;48744;NULL;NULL;NULL;30;NULL;NULL;FALSE;3eceecb1-84e4-48dd-bb5e-6841f9e467ac;NULL;NULL;2023-12-12 10:06:47.2533
NULL;NULL;NULL;NULL;NULL;anonymous;End Goblin Turn;48750;NULL;NULL;NULL;NULL;NULL;NULL;NULL;3eceecb1-84e4-48dd-bb5e-6841f9e467ac;NULL;NULL;2023-12-12 10:06:47.3017
NULL;NULL;NULL;NULL;NULL;anonymous;Start Player Turn;48751;NULL;NULL;NULL;31;NULL;NULL;TRUE;3eceecb1-84e4-48dd-bb5e-6841f9e467ac;NULL;NULL;2023-12-12 10:06:47.3079
NULL;NULL;NULL;NULL;NULL;anonymous;Player Moving;48789;NULL;NULL;NULL;NULL;NULL;NULL;NULL;3eceecb1-84e4-48dd-bb5e-6841f9e467ac;NULL;NULL;2023-12-12 10:06:48.0238
NULL;NULL;NULL;NULL;NULL;anonymous;End Player Turn;49039;NULL;NULL;NULL;31;NULL;NULL;FALSE;3eceecb1-84e4-48dd-bb5e-6841f9e467ac;NULL;NULL;2023-12-12 10:06:50.0116
NULL;NULL;NULL;NULL;NULL;anonymous;Start Goblin Turn;49040;NULL;NULL;NULL;31;NULL;NULL;FALSE;3eceecb1-84e4-48dd-bb5e-6841f9e467ac;NULL;NULL;2023-12-12 10:06:50.0205
NULL;NULL;NULL;NULL;NULL;anonymous;Player Hurt;49041;NULL;NULL;NULL;NULL;10.0000;1.0000;NULL;3eceecb1-84e4-48dd-bb5e-6841f9e467ac;NULL;10;2023-12-12 10:06:50.0449
NULL;NULL;NULL;NULL;NULL;anonymous;End Goblin Turn;49046;NULL;NULL;NULL;NULL;NULL;NULL;NULL;3eceecb1-84e4-48dd-bb5e-6841f9e467ac;NULL;NULL;2023-12-12 10:06:50.0831
NULL;NULL;NULL;NULL;NULL;anonymous;Start Player Turn;49047;NULL;NULL;NULL;32;NULL;NULL;TRUE;3eceecb1-84e4-48dd-bb5e-6841f9e467ac;NULL;NULL;2023-12-12 10:06:50.0918
NULL;NULL;0.7549;ReceivingData;NULL;anonymous;MotorImagery;49106;NULL;NULL;42;NULL;NULL;NULL;NULL;3eceecb1-84e4-48dd-bb5e-6841f9e467ac;NULL;NULL;2023-12-12 10:06:51.1827
NULL;NULL;NULL;NULL;(0.686 0.693 0.698 0.701 0.731 0.775 0.755 0.654 );anonymous;NULL;49106;NULL;NULL;NULL;NULL;NULL;NULL;NULL;3eceecb1-84e4-48dd-bb5e-6841f9e467ac;NULL;NULL;2023-12-12 10:06:51.1827
NULL;NULL;0.5708;ReceivingData;NULL;anonymous;Rest;49111;NULL;NULL;42;NULL;NULL;NULL;NULL;3eceecb1-84e4-48dd-bb5e-6841f9e467ac;NULL;NULL;2023-12-12 10:06:51.2871
NULL;NULL;NULL;NULL;(0.690 0.655 0.654 0.571 0.731 0.775 0.755 0.740 );anonymous;NULL;49111;NULL;NULL;NULL;NULL;NULL;NULL;NULL;3eceecb1-84e4-48dd-bb5e-6841f9e467ac;NULL;NULL;2023-12-12 10:06:51.2871
8;NULL;NULL;NULL;NULL;anonymous;Player Attacking;49140;NULL;NULL;NULL;NULL;NULL;NULL;NULL;3eceecb1-84e4-48dd-bb5e-6841f9e467ac;NULL;NULL;2023-12-12 10:06:51.8626
NULL;NULL;NULL;NULL;NULL;anonymous;Goblin Death;49184;NULL;Goblin 2 Variant (1);NULL;NULL;NULL;NULL;NULL;3eceecb1-84e4-48dd-bb5e-6841f9e467ac;NULL;NULL;2023-12-12 10:06:52.6594
NULL;NULL;NULL;NULL;NULL;anonymous;End Goblin Turn;49246;NULL;NULL;NULL;NULL;NULL;NULL;NULL;3eceecb1-84e4-48dd-bb5e-6841f9e467ac;NULL;NULL;2023-12-12 10:06:53.7175
NULL;NULL;NULL;NULL;NULL;anonymous;Start Player Turn;49247;NULL;NULL;NULL;33;NULL;NULL;TRUE;3eceecb1-84e4-48dd-bb5e-6841f9e467ac;NULL;NULL;2023-12-12 10:06:53.7365
NULL;NULL;NULL;Disconnected;NULL;anonymous;BCIStateUpdated;49640;NULL;NULL;NULL;NULL;NULL;NULL;NULL;3eceecb1-84e4-48dd-bb5e-6841f9e467ac;NULL;NULL;2023-12-12 10:07:01.0540
